"institution_name","state","control","debt_mdn","earn_mdn_10y","average_cost"
"Alabama A & M University","AL",1,"16600",40628,23751
"University of Alabama at Birmingham","AL",1,"15832",54501,27826
"University of Alabama in Huntsville","AL",1,"13905",61767,27098
"Alabama State University","AL",1,"17500",34502,22028
"The University of Alabama","AL",1,"17986",59221,32024
"Central Alabama Community College","AL",1,"5500",33506,19815
"Auburn University at Montgomery","AL",1,"13119",44391,21873
"Auburn University","AL",1,"17750",65337,34402
"Birmingham-Southern College","AL",2,"16000",59481,38385
"Chattahoochee Valley Community College","AL",1,"5900",36438,12032
"South University-Montgomery","AL",3,"13000",34421,30704
"Enterprise State Community College","AL",1,"5500",42572,14798
"Coastal Alabama Community College","AL",1,"5500",34894,15171
"Faulkner University","AL",2,"15000",43457,36910
"Gadsden State Community College","AL",1,"PS",32937,10687
"George C Wallace Community College-Dothan","AL",1,"PS",31399,9863
"George C Wallace State Community College-Hanceville","AL",1,"8200",39842,18748
"George C Wallace State Community College-Selma","AL",1,"PS",31598,9505
"Herzing University-Birmingham","AL",2,"11756",36909,27195
"Huntingdon College","AL",2,"20000",49601,39686
"J. F. Drake State Community and Technical College","AL",1,"PS",28281,11908
"Jacksonville State University","AL",1,"14000",45235,23422
"Jefferson State Community College","AL",1,"4500",40719,14384
"John C Calhoun State Community College","AL",1,"6010",38192,12687
"Lawson State Community College","AL",1,"PS",31701,15028
"University of West Alabama","AL",1,"13000",44232,22402
"Lurleen B Wallace Community College","AL",1,"PS",32307,10223
"Marion Military Institute","AL",1,"5500",59644,18458
"Miles College","AL",2,"15691",32627,22900
"University of Mobile","AL",2,"19000",43611,38731
"University of Montevallo","AL",1,"16000",42957,26233
"Northwest Shoals Community College","AL",1,"5500",33828,10894
"University of North Alabama","AL",1,"15781",45415,22086
"Northeast Alabama Community College","AL",1,"4400",34913,10620
"Oakwood University","AL",2,"21500",42488,38592
"Reid State Technical College","AL",1,"PS",28982,9066
"Bishop State Community College","AL",1,"PS",29916,11530
"Samford University","AL",2,"15750",58469,53934
"Shelton State Community College","AL",1,"PS",35014,16607
"Snead State Community College","AL",1,"6450",35735,12583
"University of South Alabama","AL",1,"17750",49379,22070
"Spring Hill College","AL",2,"21500",51500,37172
"Stillman College","AL",2,"16000",35421,23485
"Talladega College","AL",2,"15000",32229,23441
"H Councill Trenholm State Community College","AL",1,"PS",32183,12148
"Troy University","AL",1,"15985",42062,21816
"Tuskegee University","AL",2,"21250",49641,41924
"Bevill State Community College","AL",1,"PS",34107,15238
"University of Alaska Anchorage","AK",1,"11231",51871,21848
"University of Alaska Fairbanks","AK",1,"11283",48866,21182
"University of Alaska Southeast","AK",1,"10500",48475,16796
"Alaska Pacific University","AK",2,"12696",54271,34964
"Charter College","AK",3,"11884",35504,31188
"Arizona State University Campus Immersion","AZ",1,"13610",62668,28047
"Arizona Western College","AZ",1,"4500",36857,15857
"University of Arizona","AZ",1,"13750",59979,28543
"Central Arizona College","AZ",1,"6157",40513,9024
"Cochise County Community College District","AZ",1,"5500",38033,13638
"Eastern Arizona College","AZ",1,"PS",38018,16280
"Embry-Riddle Aeronautical University-Prescott","AZ",2,"14250",84131,60158
"Glendale Community College","AZ",1,"4500",43108,18056
"Grand Canyon University","AZ",3,"12500",42186,31493
"GateWay Community College","AZ",1,"4500",46147,18316
"Mesa Community College","AZ",1,"4500",44034,18975
"Mohave Community College","AZ",1,"8000",35522,10952
"Dine College","AZ",1,"PS",29188,13872
"Northern Arizona University","AZ",1,"12916",54384,29495
"Northland Pioneer College","AZ",1,"PS",34199,14174
"Phoenix College","AZ",1,"5250",40870,18033
"Pima Community College","AZ",1,"4500",39810,8916
"Prescott College","AZ",2,"12500",42359,47228
"Rio Salado College","AZ",1,"4375",41015,13740
"Scottsdale Community College","AZ",1,"4500",47905,19682
"South Mountain Community College","AZ",1,"4500",39825,17872
"Arizona Christian University","AZ",2,"6251",51612,50950
"Yavapai College","AZ",1,"6762",39890,12642
"University of Arkansas at Little Rock","AR",1,"14500",45265,21013
"Arkansas Baptist College","AR",2,"8250",28418,22626
"Lyon College","AR",2,"10699",44232,44943
"University of Arkansas","AR",1,"15749",58191,26161
"University of Arkansas at Pine Bluff","AR",1,"14328",35550,20907
"Arkansas State University-Beebe","AR",1,"5500",36603,14799
"Arkansas State University","AR",1,"15000",42617,22823
"Arkansas Tech University","AR",1,"11350",41766,21536
"University of Arkansas at Monticello","AR",1,"11364",36902,20741
"Baptist Health College Little Rock","AR",2,"9500",62244,37054
"Black River Technical College","AR",1,"6000",34818,14624
"University of Central Arkansas","AR",1,"13000",45938,24265
"Central Baptist College","AR",2,"12876",46789,27468
"Cossatot Community College of the University of Arkansas","AR",1,"PS",33775,11738
"Crowley's Ridge College","AR",2,"13918",39533,25817
"East Arkansas Community College","AR",1,"4750",28471,13028
"National Park College","AR",1,"6250",32444,17994
"University of Arkansas Community College-Batesville","AR",1,"7085",33706,16591
"Harding University","AR",2,"21601",52876,36385
"Henderson State University","AR",1,"12000",43459,25946
"Hendrix College","AR",2,"19500",60376,52396
"John Brown University","AR",2,"17000",53907,43260
"Arkansas State University Mid-South","AR",1,"PS",31857,12556
"Arkansas Northeastern College","AR",1,"PS",33169,12037
"North Arkansas College","AR",1,"5928",34653,16367
"Northwest Technical Institute","AR",1,"PS",41513,16032
"Ouachita Baptist University","AR",2,"15000",51673,45132
"Arkansas State University Three Rivers","AR",1,"6500",37374,12748
"Ozarka College","AR",1,"7713",29314,11461
"University of the Ozarks","AR",2,"11000",44384,35391
"University of Arkansas Community College-Morrilton","AR",1,"6300",34924,17345
"Philander Smith University","AR",2,"14750",38427,26729
"Phillips Community College of the University of Arkansas","AR",1,"3500",29552,11778
"Southeast Arkansas College","AR",1,"6186",33603,15876
"University of Arkansas-Pulaski Technical College","AR",1,"7000",34722,21096
"University of Arkansas Hope-Texarkana","AR",1,"3500",34162,13787
"University of Arkansas Community College Rich Mountain","AR",1,"4875",30037,12933
"Williams Baptist University","AR",2,"9500",38484,32222
"South Arkansas College","AR",1,"7000",34521,12138
"Southern Arkansas University Main Campus","AR",1,"12500",42386,24721
"Southern Arkansas University Tech","AR",1,"4500",36376,16488
"University of Arkansas-Fort Smith","AR",1,"10750",41102,18052
"Academy of Art University","CA",3,"11000",39008,47195
"College of Alameda","CA",1,"9500",42563,17578
"Allan Hancock College","CA",1,"7888",42786,11544
"American Academy of Dramatic Arts-Los Angeles","CA",2,"12000",27019,55265
"American River College","CA",1,"9354",40162,12986
"Antelope Valley Community College District","CA",1,"8619",36526,15158
"Art Center College of Design","CA",2,"26000",71958,71652
"Azusa Pacific University","CA",2,"19710",66677,54735
"Bakersfield College","CA",1,"9500",37291,13726
"Barstow Community College","CA",1,"3463",35104,20871
"Biola University","CA",2,"19000",56778,58430
"Bryan University","AZ",3,"13763",40283,26688
"Butte College","CA",1,"8250",41810,13636
"Cabrillo College","CA",1,"9500",44114,23625
"California Baptist University","CA",2,"20500",61504,52408
"California College of the Arts","CA",2,"19500",49414,78664
"California Institute of Technology","CA",2,"12000",128566,83598
"California Lutheran University","CA",2,"18970",68712,63768
"California Polytechnic State University-San Luis Obispo","CA",1,"15396",90768,29918
"California State University-Bakersfield","CA",1,"11270",59009,18815
"California State University-Stanislaus","CA",1,"11750",63188,18542
"California State University-San Bernardino","CA",1,"12445",59977,16910
"California State Polytechnic University-Pomona","CA",1,"13437",71902,22672
"California State University-Chico","CA",1,"14500",64172,25590
"California State University-Dominguez Hills","CA",1,"11902",57162,15449
"California State University-Fresno","CA",1,"12463",61244,18650
"California State University-Fullerton","CA",1,"12000",62951,16767
"California State University-East Bay","CA",1,"12500",71401,22803
"California State University-Long Beach","CA",1,"12227",64403,20310
"California State University-Los Angeles","CA",1,"11966",59211,17153
"California State University-Northridge","CA",1,"12000",59115,20317
"California State University-Sacramento","CA",1,"12500",64876,22714
"University of California-Berkeley","CA",1,"12000",92446,42708
"University of California-Davis","CA",1,"11000",80838,38067
"University of California-Irvine","CA",1,"13820",80735,36121
"University of California-Los Angeles","CA",1,"12983",82511,36643
"University of California-Riverside","CA",1,"14944",67699,34975
"University of California-San Diego","CA",1,"14778",84943,36325
"University of California-Santa Barbara","CA",1,"11875",74915,36776
"University of California-Santa Cruz","CA",1,"14334",68396,38649
"California Institute of the Arts","CA",2,"16994",41198,78425
"California State University Maritime Academy","CA",1,"16889",94784,27138
"Canada College","CA",1,"9272",50087,9514
"College of the Canyons","CA",1,"6375",49022,10243
"Cerritos College","CA",1,"8350",41156,8409
"Cerro Coso Community College","CA",1,"5500",34963,15161
"Chabot College","CA",1,"8973",48143,12953
"Chaffey College","CA",1,"4325",42975,13553
"Chapman University","CA",2,"17750",70070,81327
"Charles R Drew University of Medicine and Science","CA",2,"14750",83438,33973
"Concordia University-Irvine","CA",2,"19000",65083,56500
"San Diego Christian College","CA",2,"13000",49766,40057
"Citrus College","CA",1,"5500",42065,12412
"City College of San Francisco","CA",1,"7497",45805,17007
"Claremont McKenna College","CA",2,"11948",104736,82127
"Coastline Community College","CA",1,"7683",44483,17984
"University of Silicon Valley","CA",3,"18334",51017,36361
"Columbia College","CA",1,"PS",39035,19688
"California College of ASU","CA",2,"13167",42014,33732
"Compton College","CA",1,"6463",34181,17782
"Contra Costa College","CA",1,"4750",40850,14511
"Cosumnes River College","CA",1,"8563",42446,12005
"Crafton Hills College","CA",1,"PS",42553,18384
"Cuesta College","CA",1,"9500",46047,20561
"Cuyamaca College","CA",1,"5136",32435,15940
"Cypress College","CA",1,"7500",43533,15752
"De Anza College","CA",1,"6495",56596,13167
"College of the Desert","CA",1,"5261",39020,20053
"Design Institute of San Diego","CA",3,"24530",46920,42093
"Diablo Valley College","CA",1,"6000",51378,14804
"Dominican University of California","CA",2,"24250",84713,68620
"East Los Angeles College","CA",1,"6999",42006,18645
"El Camino Community College District","CA",1,"4750",41589,13376
"Evergreen Valley College","CA",1,"9250",53077,22557
"FIDM-Fashion Institute of Design & Merchandising","CA",3,"12000",49840,53393
"Feather River Community College District","CA",1,"7000",38142,16502
"Foothill College","CA",1,"6795",57072,15772
"Fresno City College","CA",1,"3500",37361,12063
"Fresno Pacific University","CA",2,"19250",58896,42673
"Fullerton College","CA",1,"6500",43366,16206
"Gavilan College","CA",1,"5841",47169,10484
"Glendale Community College","CA",1,"7000",41540,15802
"Golden West College","CA",1,"5500",43145,12206
"Grossmont College","CA",1,"4500",40309,11543
"Hartnell College","CA",1,"4500",44316,12050
"Harvey Mudd College","CA",2,"19500",138687,84896
"California State Polytechnic University-Humboldt","CA",1,"14500",47626,24412
"Humphreys University-Stockton and Modesto Campuses","CA",2,"25000",39248,20286
"Imperial Valley College","CA",1,"PS",34487,12466
"Irvine Valley College","CA",1,"4500",49156,11750
"Reedley College","CA",1,"3500",38493,11413
"Life Pacific University","CA",2,"14000",43299,33193
"University of La Verne","CA",2,"21000",65464,61564
"Laguna College of Art and Design","CA",2,"18875",47867,56183
"Lake Tahoe Community College","CA",1,"5100",36657,17731
"Laney College","CA",1,"9301",37282,22777
"Lassen Community College","CA",1,"5500",35994,17063
"La Sierra University","CA",2,"18500",61824,49365
"Long Beach City College","CA",1,"7000",38870,12664
"Southern California University of Health Sciences","CA",2,"10950",70649,50742
"Los Angeles Harbor College","CA",1,"5795",41133,19463
"Los Angeles Pierce College","CA",1,"12500",44521,19844
"Los Angeles Southwest College","CA",1,"10000",32172,14768
"Los Angeles Trade Technical College","CA",1,"9500",35233,18516
"Los Angeles Valley College","CA",1,"9500",42678,18625
"The Master's University and Seminary","CA",2,"16327",57106,48682
"Los Angeles City College","CA",1,"9500",36190,16176
"Los Angeles Mission College","CA",1,"10432",39834,19525
"Los Medanos College","CA",1,"9326",42454,13850
"Loyola Marymount University","CA",2,"15000",78349,75867
"College of Marin","CA",1,"10062",42654,23789
"Mendocino College","CA",1,"9500",40243,16746
"Menlo College","CA",2,"13000",76419,69879
"Merced College","CA",1,"4188",37815,12722
"Merritt College","CA",1,"9500",44392,22559
"MiraCosta College","CA",1,"9488",43845,15713
"Mission College","CA",1,"8816",50936,15047
"Modesto Junior College","CA",1,"3375",42368,14769
"Monterey Peninsula College","CA",1,"8250",42176,21993
"Moorpark College","CA",1,"7161",49044,9685
"Mt San Antonio College","CA",1,"5500",46283,12077
"Mount Saint Mary's University","CA",2,"22167",72379,64637
"Mt San Jacinto Community College District","CA",1,"7000",38319,15091
"Musicians Institute","CA",3,"6334",32778,41795
"Napa Valley College","CA",1,"9371",49517,21563
"National University","CA",2,"18750",67548,37116
"Newschool of Architecture and Design","CA",3,"23618",68891,57642
"Occidental College","CA",2,"19000",75951,80636
"Ohlone College","CA",1,"9500",54278,22906
"Orange Coast College","CA",1,"6175",47348,13191
"Otis College of Art and Design","CA",2,"20000",58152,71880
"Oxnard College","CA",1,"7500",41393,9317
"Hope International University","CA",2,"15738",49697,51153
"Pacific Union College","CA",2,"19500",70484,47244
"University of the Pacific","CA",2,"17653",78445,68173
"Palo Verde College","CA",1,"PS",36389,21205
"Palomar College","CA",1,"3500",42300,13997
"Pasadena City College","CA",1,"6036",43937,12166
"Pepperdine University","CA",2,"19500",82939,85202
"Pitzer College","CA",2,"13000",69512,82832
"Point Loma Nazarene University","CA",2,"19500",63998,56664
"Pomona College","CA",2,"10000",77779,81196
"Porterville College","CA",1,"PS",36328,12522
"Santa Ana College","CA",1,"5500",43552,11848
"University of Redlands","CA",2,"21250",72690,70233
"College of the Redwoods","CA",1,"6666",36243,12251
"Rio Hondo College","CA",1,"4750",44950,19308
"Riverside City College","CA",1,"5500",41091,12427
"Sacramento City College","CA",1,"9256",42214,13062
"Saddleback College","CA",1,"6988",50874,11792
"San Diego City College","CA",1,"4500",38503,13255
"San Diego Mesa College","CA",1,"4500",45120,12964
"San Diego Miramar College","CA",1,"4239",48224,11428
"San Diego State University","CA",1,"12847",64909,27357
"University of San Diego","CA",2,"19019",86522,74879
"San Francisco State University","CA",1,"12923",68077,25258
"University of San Francisco","CA",2,"19000",89812,76421
"San Joaquin Delta College","CA",1,"7000",43212,17137
"William Jessup University","CA",2,"14419",56257,52172
"San Jose City College","CA",1,"5500",46215,24038
"San Jose State University","CA",1,"12000",78988,25695
"College of San Mateo","CA",1,"6875",54172,11875
"Santa Barbara City College","CA",1,"8250",47647,18682
"Santa Clara University","CA",2,"16845",109183,77768
"Santa Monica College","CA",1,"6500",42193,11353
"Santa Rosa Junior College","CA",1,"7250",47224,13649
"Scripps College","CA",2,"11853",77539,83330
"College of the Sequoias","CA",1,"4500",39092,8553
"Shasta College","CA",1,"9500",39269,11881
"Sierra College","CA",1,"9500",45294,12628
"Simpson University","CA",2,"13000",54340,52366
"College of the Siskiyous","CA",1,"8000",39098,14448
"Skyline College","CA",1,"7500",55702,10461
"San Bernardino Valley College","CA",1,"3938",39676,14655
"Saint Mary's College of California","CA",2,"19500",78812,73655
"Solano Community College","CA",1,"9500",44170,11440
"Sonoma State University","CA",1,"13000",65986,24739
"South Coast College","CA",3,"17346",44897,25025
"Vanguard University of Southern California","CA",2,"15000",59541,50178
"Southwestern College","CA",1,"4044",40060,19717
"Southern California Institute of Architecture","CA",2,"33250",71909,67014
"University of Southern California","CA",2,"16112",92498,84678
"Taft College","CA",1,"PS",38861,13012
"Thomas Aquinas College","CA",2,"18000",55619,40000
"Ventura College","CA",1,"6500",43430,9762
"Victor Valley College","CA",1,"7500",36119,11786
"Berkeley City College","CA",1,"9500",41217,17110
"Coalinga College","CA",1,"5500",37633,17249
"West Los Angeles College","CA",1,"9500",38537,15839
"West Valley College","CA",1,"7000",51688,13351
"Westmont College","CA",2,"19343",64778,68826
"Whittier College","CA",2,"18125",59492,63925
"Woodbury University","CA",2,"21500",65668,58180
"Yeshiva Ohr Elchonon Chabad West Coast Talmudical Seminary","CA",2,"PS",48361,27600
"Yuba College","CA",1,"6000",39552,12200
"Adams State University","CO",1,"11750",44372,23800
"Aims Community College","CO",1,"5250",41887,14478
"Arapahoe Community College","CO",1,"6500",48341,16348
"Bel-Rea Institute of Animal Technology","CO",3,"11666",39506,29807
"University of Colorado Denver/Anschutz Medical Campus","CO",1,"14500",64270,23369
"University of Colorado Colorado Springs","CO",1,"12965",54659,23713
"Spartan College of Aeronautics and Technology","CO",3,"14750",59093,33357
"University of Colorado Boulder","CO",1,"13000",69738,33466
"Colorado Christian University","CO",2,"14000",50416,50206
"Colorado College","CO",2,"13400",65222,83228
"Colorado Mountain College","CO",1,"5500",44127,13717
"Colorado Northwestern Community College","CO",1,"8250",43526,21006
"Colorado School of Mines","CO",1,"17500",97335,38556
"Colorado State University-Fort Collins","CO",1,"14750",60543,29696
"Colorado Technical University-Colorado Springs","CO",3,"12166",37180,21694
"Community College of Aurora","CO",1,"6500",44592,16210
"Community College of Denver","CO",1,"5500",39095,18377
"University of Denver","CO",2,"18000",71155,75020
"Fort Lewis College","CO",1,"9000",46349,25558
"Front Range Community College","CO",1,"7000",45910,18087
"Lamar Community College","CO",1,"5973",38719,19366
"Colorado Mesa University","CO",1,"11000",45823,22883
"Metropolitan State University of Denver","CO",1,"12500",52093,22825
"Morgan Community College","CO",1,"5500",39429,15797
"Naropa University","CO",2,"14750",28720,52900
"Northeastern Junior College","CO",1,"5500",39893,20246
"University of Northern Colorado","CO",1,"13805",52231,26989
"Otero College","CO",1,"6000",39018,20413
"Pikes Peak State College","CO",1,"4900",40796,18345
"Pueblo Community College","CO",1,"5750",37434,19251
"Red Rocks Community College","CO",1,"4900",46288,18048
"Regis University","CO",2,"19750",72105,54889
"Rocky Mountain College of Art and Design","CO",3,"9500",42958,33950
"Colorado State University Pueblo","CO",1,"14475",55563,23891
"Pickens Technical College","CO",1,"PS",39210,11474
"Trinidad State College","CO",1,"6500",36475,21373
"Western Colorado University","CO",1,"12000",46833,25426
"Albertus Magnus College","CT",2,"25000",60144,56268
"University of Bridgeport","CT",2,"19500",50323,52786
"Central Connecticut State University","CT",1,"16750",58562,24112
"Charter Oak State College","CT",1,"12422",64209,22558
"Connecticut College","CT",2,"20000",75001,82219
"Porter & Chester Institute of Hamden","CT",3,"9500",42914,26012
"University of Connecticut","CT",1,"18610",73997,36572
"Goodwin University","CT",2,"14221",43596,39745
"Eastern Connecticut State University","CT",1,"18500",56469,30805
"Fairfield University","CT",2,"23251",88794,73371
"Connecticut State Community College","CT",1,"5235",41344,15360
"University of Hartford","CT",2,"19500",60823,62273
"Mitchell College","CT",2,"15000",39115,54089
"University of New Haven","CT",2,"20475",60126,63970
"Porter & Chester Institute","CT",3,"9500",41588,25552
"Post University","CT",3,"8750",38696,27202
"Quinnipiac University","CT",2,"21500",83759,69666
"Sacred Heart University","CT",2,"19860",75059,66669
"University of Saint Joseph","CT",2,"24000",59908,56786
"Southern Connecticut State University","CT",1,"15000",55043,28592
"Trinity College","CT",2,"21000",90779,83090
"Wesleyan University","CT",2,"13824",73897,85172
"Western Connecticut State University","CT",1,"17002",59115,24534
"Yale University","CT",2,"11648",100533,85120
"Delaware Technical Community College-Terry","DE",1,"5500",41448,13177
"Delaware State University","DE",1,"17500",49307,27536
"University of Delaware","DE",1,"21000",72950,29347
"Goldey-Beacom College","DE",2,"14375",59892,24633
"Wilmington University","DE",2,"14308",53844,19326
"American University","DC",2,"19500",77370,71549
"The Catholic University of America","DC",2,"22250",73250,73198
"University of the District of Columbia","DC",1,"14250",44236,20911
"Gallaudet University","DC",2,"12750",43101,39416
"George Washington University","DC",2,"19500",90873,80727
"Georgetown University","DC",2,"13500",103494,84696
"Howard University","DC",2,"19200",63066,51450
"Trinity Washington University","DC",2,"19402",53804,35061
"Baptist University of Florida","FL",2,"17073",42836,20596
"Barry University","FL",2,"15750",55966,48300
"Bethune-Cookman University","FL",2,"22500",38518,29782
"Lynn University","FL",2,"10413",49006,60817
"Eastern Florida State College","FL",1,"8279",37195,11174
"Broward College","FL",1,"4500",41939,24948
"Albizu University-Miami","FL",2,"5000",41544,48144
"College of Central Florida","FL",1,"8550",38203,17950
"Johnson University Florida","FL",2,"13500",40596,29179
"University of Central Florida","FL",1,"15000",58308,22819
"Charlotte Technical College","FL",1,"PS",36349,15126
"Chipola College","FL",1,"PS",37378,8804
"Daytona State College","FL",1,"5500",37096,11662
"South University-West Palm Beach","FL",3,"13000",34421,28722
"Eckerd College","FL",2,"19500",51819,66936
"Florida SouthWestern State College","FL",1,"5000",43421,14644
"Edward Waters University","FL",2,"11000",34782,26973
"Embry-Riddle Aeronautical University-Daytona Beach","FL",2,"14250",84131,59972
"Florida Agricultural and Mechanical University","FL",1,"17855",44349,24047
"Florida Atlantic University","FL",1,"12500",56746,21054
"Florida State College at Jacksonville","FL",1,"8750",42244,8994
"Flagler College","FL",2,"15000",49483,41734
"Florida College","FL",2,"10000",43445,32188
"AdventHealth University","FL",2,"18000",72282,38194
"Florida Institute of Technology","FL",2,"14049",43137,60387
"Florida International University","FL",1,"14246",60249,20556
"The College of the Florida Keys","FL",1,"8250",42508,19965
"Florida Memorial University","FL",2,"16475",36624,31940
"Florida Southern College","FL",2,"19500",55294,57174
"Florida State University","FL",1,"16100",61675,23683
"University of Florida","FL",1,"14000",71588,21719
"Full Sail University","FL",3,"14038",38219,39814
"Gulf Coast State College","FL",1,"5500",38359,12208
"Key College","FL",3,"PS",42267,16912
"Hillsborough Community College","FL",1,"6000",40782,10168
"Hobe Sound Bible College","FL",2,"PS",39863,17545
"Indian River State College","FL",1,"5500",38315,11764
"Jacksonville University","FL",2,"12803",68010,61414
"Keiser University-Ft Lauderdale","FL",2,"13000",39696,45701
"Florida Gateway College","FL",1,"5500",37894,11879
"Lake-Sumter State College","FL",1,"4500",39876,12292
"Luther Rice College & Seminary","GA",2,"16094",47003,11544
"State College of Florida-Manatee-Sarasota","FL",1,"5720",40318,28277
"Trinity International University-Florida","FL",2,"19500",46989,22540
"Miami Dade College","FL",1,"7500",40654,12535
"University of Miami","FL",2,"15250",75328,77708
"North Florida College","FL",1,"PS",33929,8897
"University of North Florida","FL",1,"11750",56343,20229
"Nova Southeastern University","FL",2,"16985",59209,55647
"Northwest Florida State College","FL",1,"5500",39664,12217
"Palm Beach Atlantic University","FL",2,"13816",49232,55576
"Palm Beach State College","FL",1,"5061",41923,16741
"Pasco-Hernando State College","FL",1,"7000",39903,11152
"Pensacola State College","FL",1,"5500",36739,9718
"Polk State College","FL",1,"6500",40624,12709
"Ridge Technical College","FL",1,"PS",33484,27493
"Ringling College of Art and Design","FL",2,"27000",43325,75726
"Rollins College","FL",2,"21385",58295,72790
"Saint Leo University","FL",2,"14250",48364,41727
"St Petersburg College","FL",1,"11000",42557,10634
"Santa Fe College","FL",1,"7125",41631,14353
"Seminole State College of Florida","FL",1,"7704",41733,9152
"Saint Johns River State College","FL",1,"8323",41728,12215
"South Florida State College","FL",1,"5387",39990,9865
"University of South Florida","FL",1,"14976",57743,22301
"St. Thomas University","FL",2,"9500",54272,49762
"Stetson University","FL",2,"15000",51642,69807
"Southeastern University","FL",2,"12000",46744,43803
"Tallahassee State College","FL",1,"5350",37561,13188
"The University of Tampa","FL",2,"18750",59436,49841
"Trinity Baptist College","FL",2,"11500",37275,25662
"Trinity College of Florida","FL",2,"12000",32465,25585
"Valencia College","FL",1,"5840",40594,16577
"Warner University","FL",2,"13000",46086,41556
"Webber International University","FL",2,"8750",45606,48464
"Rasmussen University-Florida","FL",3,"13000",39080,24746
"University of West Florida","FL",1,"13000",49137,18504
"Abraham Baldwin Agricultural College","GA",1,"8750",34996,13103
"Agnes Scott College","GA",2,"17750",56274,60585
"Interactive College of Technology-Chamblee","GA",3,"8661",27065,20095
"Interactive College of Technology-Morrow","GA",3,"8661",27065,20314
"Albany Technical College","GA",1,"5681",30541,13811
"Albany State University","GA",1,"12000",40674,20574
"Andrew College","GA",2,"9500",38475,35996
"Atlanta Technical College","GA",1,"6334",30350,9678
"Point University","GA",2,"14502",38740,34418
"Atlanta Metropolitan State College","GA",1,"6606",33252,11528
"Clark Atlanta University","GA",2,"19500",42712,40924
"Augusta Technical College","GA",1,"5500",33523,16410
"Berry College","GA",2,"18900",53800,55714
"Beulah Heights University","GA",2,"38980",35236,9992
"Brenau University","GA",2,"18425",54003,45931
"Brewton-Parker College","GA",2,"8250",42009,35557
"College of Coastal Georgia","GA",1,"8250",39318,18975
"West Georgia Technical College","GA",1,"5642",35479,10012
"Clayton  State University","GA",1,"16750",49179,17940
"Columbus Technical College","GA",1,"7245",34238,12783
"Columbus State University","GA",1,"15000",44544,19953
"Georgia Northwestern Technical College","GA",1,"3971",35759,11575
"Covenant College","GA",2,"19000",50412,53368
"Dalton State College","GA",1,"7361",40251,11292
"South University-Savannah","GA",3,"13000",34421,31163
"East Georgia State College","GA",1,"6374",37174,15472
"Emmanuel University","GA",2,"12000",38208,35188
"Emory University","GA",2,"16750",80137,78814
"Georgia Highlands College","GA",1,"6750",43184,12829
"Fort Valley State University","GA",1,"19000",36666,20342
"Georgia Institute of Technology-Main Campus","GA",1,"20000",102772,27797
"Georgia Southwestern State University","GA",1,"11000",48757,19234
"Georgia College & State University","GA",1,"16018",58140,27781
"Georgia Southern University","GA",1,"15250",53236,24563
"Georgia State University","GA",1,"11750",47384,26535
"University of Georgia","GA",1,"16666",68726,27436
"Gordon State College","GA",1,"8750",37871,14944
"Southern Crescent Technical College","GA",1,"6334",36104,13806
"Gupton Jones College of Funeral Service","GA",2,"9500",42636,25265
"Gwinnett College-Lilburn","GA",3,"9626",31422,31673
"Gwinnett Technical College","GA",1,"7056",45025,19078
"LaGrange College","GA",2,"15750",51745,47370
"Lanier Technical College","GA",1,"PS",37623,13193
"Life University","GA",2,"9500",47397,41192
"Chattahoochee Technical College","GA",1,"PS",37138,12295
"Herzing University-Atlanta","GA",2,"11756",36909,27195
"Mercer University","GA",2,"17655",58354,56494
"Morehouse College","GA",2,"18500",52889,47347
"North Georgia Technical College","GA",1,"5657",32932,12572
"Oglethorpe University","GA",2,"14750",55232,59320
"Paine College","GA",2,"11000",33338,27310
"Piedmont University","GA",2,"18108",49130,45359
"Miami Ad School-Atlanta","GA",3,"16849",106192,29647
"Reinhardt University","GA",2,"13156",46541,45689
"Savannah Technical College","GA",1,"3466",33018,14545
"Savannah College of Art and Design","GA",2,"15500",45954,59670
"Savannah State University","GA",1,"16500",37981,17185
"Shorter University","GA",2,"12500",44604,34985
"South Georgia Technical College","GA",1,"PS",30364,13115
"Spelman College","GA",2,"21750",59993,49349
"Thomas University","GA",2,"15000",49716,26189
"Toccoa Falls College","GA",2,"11067",36630,35666
"Truett McConnell University","GA",2,"12000",46700,37692
"Wiregrass Georgia Technical College","GA",1,"2438",30864,10925
"Valdosta State University","GA",1,"13750",49361,20202
"Wesleyan College","GA",2,"15000",44317,40591
"University of West Georgia","GA",1,"15000",49587,23504
"Young Harris College","GA",2,"12000",47195,45389
"Chaminade University of Honolulu","HI",2,"17932",52343,43637
"University of Hawaii at Hilo","HI",1,"12500",47856,20914
"University of Hawaii at Manoa","HI",1,"13099",57624,23832
"Hawaii Pacific University","HI",2,"12000",59593,49980
"Honolulu Community College","HI",1,"5995",45105,12369
"Kapiolani Community College","HI",1,"6352",44599,11562
"Kauai Community College","HI",1,"7000",36868,13608
"Leeward Community College","HI",1,"5500",39899,13842
"University of Hawaii Maui College","HI",1,"9500",34453,16225
"University of Hawaii-West Oahu","HI",1,"11848",52075,18190
"Windward Community College","HI",1,"7175",38439,14492
"Boise Bible College","ID",2,"12749",33140,22045
"Boise State University","ID",1,"14000",51658,25387
"College of Eastern Idaho","ID",1,"7953",42057,13392
"Idaho State University","ID",1,"12500",45608,21084
"University of Idaho","ID",1,"15784",54670,22669
"The College of Idaho","ID",2,"17000",48473,48451
"Lewis-Clark State College","ID",1,"10989",46001,18646
"North Idaho College","ID",1,"5500",40081,16699
"Northwest Nazarene University","ID",2,"16826",51719,50275
"Brigham Young University-Idaho","ID",2,"8750",53406,13357
"College of Southern Idaho","ID",1,"5500",40916,12115
"American Academy of Art College","IL",3,"27000",34324,45145
"School of the Art Institute of Chicago","IL",2,"19000",40151,74138
"Augustana College","IL",2,"26000",62971,60798
"Aurora University","IL",2,"15500",58709,39232
"Southwestern Illinois College","IL",1,"4000",36884,12596
"Black Hawk College","IL",1,"5302",37253,11809
"Blackburn College","IL",2,"14770",46802,36962
"Bradley University","IL",2,"23250",66852,52730
"Carl Sandburg College","IL",1,"3500",35274,10795
"Chicago State University","IL",1,"21500",42778,30454
"University of Chicago","IL",2,"13368",91885,86856
"City Colleges of Chicago-Kennedy-King College","IL",1,"4994",28467,11382
"City Colleges of Chicago-Malcolm X College","IL",1,"6100",32427,10279
"City Colleges of Chicago-Olive-Harvey College","IL",1,"5250",31114,12633
"City Colleges of Chicago-Harry S Truman College","IL",1,"5524",36484,10722
"City Colleges of Chicago-Richard J Daley College","IL",1,"3500",37962,9543
"City Colleges of Chicago-Harold Washington College","IL",1,"4537",36531,9996
"City Colleges of Chicago-Wilbur Wright College","IL",1,"4370",41625,9395
"Columbia College Chicago","IL",2,"16500",42195,49799
"Concordia University-Chicago","IL",2,"14000",54089,44252
"Danville Area Community College","IL",1,"3975",34867,10398
"DePaul University","IL",2,"19383",68751,59467
"College of DuPage","IL",1,"5500",46909,13314
"East-West University","IL",2,"7334",29963,30062
"Eastern Illinois University","IL",1,"15722",51989,26164
"Elgin Community College","IL",1,"4790",45516,9837
"Elmhurst University","IL",2,"15000",61462,51829
"Eureka College","IL",2,"15000",51641,38518
"Fox College","IL",3,"13625",41539,21635
"Governors State University","IL",1,"14000",58169,23076
"Graham Hospital School of Nursing","IL",2,"5250",63586,27408
"Greenville University","IL",2,"15000",46827,43713
"Hebrew Theological College","IL",2,"9924",33291,21742
"Highland Community College","IL",1,"5500",37928,12397
"University of Illinois Chicago","IL",1,"13657",68740,26998
"Benedictine University","IL",2,"17500",63446,46548
"University of Illinois Urbana-Champaign","IL",1,"16500",81054,32134
"Illinois Wesleyan University","IL",2,"23221",70871,68399
"Illinois Central College","IL",1,"5500",37366,17251
"Illinois College","IL",2,"14746",52575,47337
"Illinois Eastern Community Colleges","IL",1,"5500",37533,17518
"Illinois Institute of Technology","IL",2,"20687",82592,67720
"Illinois State University","IL",1,"15750",62117,32458
"Illinois Valley Community College","IL",1,"6500",40810,11563
"John A Logan College","IL",1,"3500",34096,12682
"John Wood Community College","IL",1,"5500",38631,13346
"Joliet Junior College","IL",1,"5500",42889,9757
"Judson University","IL",2,"14000",56313,43951
"Kankakee Community College","IL",1,"5500",38767,12209
"Kaskaskia College","IL",1,"3500",38801,12038
"Kishwaukee College","IL",1,"6542",39657,14504
"Knox College","IL",2,"23852",54820,65796
"College of Lake County","IL",1,"5376",43424,10969
"Lake Forest College","IL",2,"21500",61825,68191
"Lake Land College","IL",1,"3970",38877,10023
"Lewis and Clark Community College","IL",1,"5500",37724,9167
"Lewis University","IL",2,"18750",66099,45843
"Lincoln Christian University","IL",2,"15000",43038,28671
"Lincoln Land Community College","IL",1,"6500",38479,11600
"Loyola University Chicago","IL",2,"20500",71530,64167
"Generations College","IL",2,"19000",34706,25660
"McHenry County College","IL",1,"5297",45143,12971
"McKendree University","IL",2,"16240",58572,47121
"Methodist College","IL",2,"27000",69800,26280
"Millikin University","IL",2,"19000",51262,41297
"Monmouth College","IL",2,"20000",51110,55529
"Moody Bible Institute","IL",2,"12000",45399,34510
"Moraine Valley Community College","IL",1,"5500",43892,11921
"Morrison Institute of Technology","IL",2,"12000",63571,30350
"Morton College","IL",1,"5500",42406,12170
"National Louis University","IL",2,"12500",45799,25350
"North Central College","IL",2,"18750",60123,54803
"North Park University","IL",2,"19875",59572,42040
"Northern Illinois University","IL",1,"16250",57808,27214
"Northwestern University","IL",2,"14000",89363,87804
"Northeastern Illinois University","IL",1,"11969",52234,27208
"Oakton College","IL",1,"3500",47852,11344
"Olivet Nazarene University","IL",2,"19313",53213,50557
"Parkland College","IL",1,"5250",38320,14011
"Prairie State College","IL",1,"8000",36696,13813
"Quincy University","IL",2,"13000",50369,45102
"Rend Lake College","IL",1,"4475",35775,14638
"Richland Community College","IL",1,"4500",38793,11407
"Rock Valley College","IL",1,"5500",39158,14351
"Rockford University","IL",2,"15000",54794,47033
"Roosevelt University","IL",2,"14667",48712,48426
"Dominican University","IL",2,"18750",60327,44414
"University of St Francis","IL",2,"16500",63926,45375
"Saint Xavier University","IL",2,"16699",58656,42237
"University of Illinois Springfield","IL",1,"14000",57103,23643
"Sauk Valley Community College","IL",1,"5500",40458,14253
"Shawnee Community College","IL",1,"PS",32999,13113
"St. Augustine College","IL",2,"4136",35723,23056
"Southeastern Illinois College","IL",1,"PS",33763,12139
"Spoon River College","IL",1,"6750",38386,11871
"Southern Illinois University-Carbondale","IL",1,"17750",53390,29268
"Southern Illinois University Edwardsville","IL",1,"15500",56346,25302
"Taylor Business Institute","IL",3,"4554",25559,23713
"South Suburban College","IL",1,"PS",33680,10713
"Trinity Christian College","IL",2,"21358",55700,47066
"Trinity International University-Illinois","IL",2,"19500",46989,47751
"Triton College","IL",1,"5500",41728,11608
"VanderCook College of Music","IL",2,"27000",47863,38850
"Waubonsee Community College","IL",1,"4500",44788,14661
"Western Illinois University","IL",1,"19762",54163,27828
"Wheaton College","IL",2,"20000",63756,56447
"William Rainey Harper College","IL",1,"6230",48071,12833
"Anderson University","IN",2,"19500",48899,49098
"Ball State University","IN",1,"16904",51833,25134
"Bethel University","IN",2,"19293",48860,42276
"Butler University","IN",2,"22238",77235,64503
"Calumet College of Saint Joseph","IN",2,"9500",46945,31758
"College of Court Reporting Inc","IN",3,"13779",43927,43083
"DePauw University","IN",2,"24733",70527,72560
"Earlham College","IN",2,"19500",50797,64237
"University of Evansville","IN",2,"19000",53770,56068
"Franklin College","IN",2,"18998",55376,50708
"Goshen College","IN",2,"13750",51943,47206
"Grace College and Theological Seminary","IN",2,"16750",45411,40539
"Hanover College","IN",2,"19500",53957,55798
"Holy Cross College","IN",2,"11904",50416,48808
"Huntington University","IN",2,"18127",46672,40088
"Ivy Tech Community College","IN",1,"5835",37186,13891
"Purdue University Fort Wayne","IN",1,"10556",45872,19714
"Indiana University-Indianapolis","IN",1,"13337",55198,22216
"University of Indianapolis","IN",2,"18714",53610,48674
"Indiana Institute of Technology","IN",2,"12564",47327,43490
"University of Southern Indiana","IN",1,"13236",47605,20749
"Indiana State University","IN",1,"14574",48387,23475
"Indiana University-Kokomo","IN",1,"10000",49917,13351
"Indiana University-South Bend","IN",1,"12000",44947,15984
"Indiana University-Bloomington","IN",1,"15519",63742,27361
"Indiana University-Northwest","IN",1,"12478",43361,13371
"Indiana University-Southeast","IN",1,"11650",47596,15313
"Indiana University-East","IN",1,"12000",47156,16756
"International Business College-Indianapolis","IN",3,"11059",38146,22651
"Manchester University","IN",2,"12250",51504,48321
"Marian University","IN",2,"20000",58759,52691
"Indiana Wesleyan University-Marion","IN",2,"14335",59986,42951
"Martin University","IN",2,"24332",22544,25074
"Mid-America College of Funeral Service","IN",2,"11625",44505,30379
"University of Notre Dame","IN",2,"19000",99980,80211
"Oakland City University","IN",2,"12174",43283,39307
"Rose-Hulman Institute of Technology","IN",2,"21751",101253,74226
"University of Saint Francis-Fort Wayne","IN",2,"18750",55362,45228
"Saint Mary-of-the-Woods College","IN",2,"13600",43845,47143
"Saint Mary's College","IN",2,"23199",59354,65706
"Saint Elizabeth School of Nursing","IN",2,"19500",65230,34606
"Taylor University","IN",2,"15500",52198,51879
"Trine University","IN",2,"18500",57165,50004
"Valparaiso University","IN",2,"22133",63191,57393
"Vincennes University","IN",1,"9227",41110,19446
"Wabash College","IN",2,"24855",69952,62750
"Briar Cliff University","IA",2,"15506",54475,49693
"Buena Vista University","IA",2,"17500",49156,52490
"Central College","IA",2,"20815",54317,35177
"Clarke University","IA",2,"19500",55396,52899
"Coe College","IA",2,"20496",57125,64682
"Cornell College","IA",2,"21500",53460,64336
"Des Moines Area Community College","IA",1,"6500",41018,15664
"Dordt University","IA",2,"17500",52559,49722
"Drake University","IA",2,"19500",71901,62407
"University of Dubuque","IA",2,"17070",51190,51060
"Ellsworth Community College","IA",1,"6158",40562,17157
"Emmaus Bible College","IA",2,"9350",42631,30198
"Eastern Iowa Community College District","IA",1,"7970",39060,14499
"Faith Baptist Bible College and Theological Seminary","IA",2,"8750",40650,30354
"Graceland University-Lamoni","IA",2,"14209",47361,46850
"Grand View University","IA",2,"15097",52824,46188
"Grinnell College","IA",2,"14151",62830,79228
"Orion Technical College","IA",3,"9500",37008,26127
"Hawkeye Community College","IA",1,"8750",42849,15065
"Indian Hills Community College","IA",1,"7125",40507,14774
"Iowa Central Community College","IA",1,"8000",42046,15405
"Iowa Lakes Community College","IA",1,"7242",43108,17834
"Iowa State University","IA",1,"18750",63386,23309
"Iowa Western Community College","IA",1,"8098",42793,18102
"University of Iowa","IA",1,"18207",64762,26883
"Kirkwood Community College","IA",1,"7591",41016,14797
"Loras College","IA",2,"19500",58289,48380
"Luther College","IA",2,"22200",59850,62845
"Maharishi International University","IA",2,"11558",27981,28730
"Marshalltown Community College","IA",1,"5500",41010,13993
"Mercy College of Health Sciences","IA",2,"12500",62234,30844
"Morningside University","IA",2,"15750",55494,50429
"Mount Mercy University","IA",2,"18500",60787,52436
"Ashford University","CA",3,"9500",35404,30866
"North Iowa Area Community College","IA",1,"6000",43462,15161
"University of Northern Iowa","IA",1,"16486",55177,21627
"Northwestern College","IA",2,"16791",49802,48447
"Northeast Iowa Community College","IA",1,"8284",41306,16720
"Northwest Iowa Community College","IA",1,"7000",50776,17914
"Saint Ambrose University","IA",2,"19500",59531,50018
"St Luke's College","IA",2,"13000",61033,27391
"Simpson College","IA",2,"20262",59274,58937
"Southeastern Community College","IA",1,"7398",36882,16582
"Southwestern Community College","IA",1,"7418",40129,16399
"Upper Iowa University","IA",2,"18000",52766,48422
"Waldorf University","IA",3,"12025",51165,38035
"Wartburg College","IA",2,"19500",56201,61832
"Western Iowa Tech Community College","IA",1,"7000",40473,14300
"William Penn University","IA",2,"12000",48936,40749
"Allen County Community College","KS",1,"5021",40059,13072
"Baker University","KS",2,"18530",63855,48117
"Barton County Community College","KS",1,"6250",40428,17048
"Benedictine College","KS",2,"18570",53175,50820
"Bethany College","KS",2,"9500",49694,52396
"Bethel College-North Newton","KS",2,"12000",49898,47672
"Butler Community College","KS",1,"6680",41206,20278
"Central Christian College of Kansas","KS",2,"15750",44468,32495
"Cloud County Community College","KS",1,"6326",39883,16432
"Coffeyville Community College","KS",1,"5500",35246,11727
"Colby Community College","KS",1,"6206",41889,12705
"Cowley County Community College","KS",1,"5250",37723,12773
"Dodge City Community College","KS",1,"5451",45427,10039
"Donnelly College","KS",2,"8747",35715,22227
"Emporia State University","KS",1,"14000",47601,20527
"Flint Hills Technical College","KS",1,"6365",47007,21137
"Fort Hays State University","KS",1,"14250",48928,19114
"Barclay College","KS",2,"24320",36355,40190
"Friends University","KS",2,"17413",52113,44401
"Fort Scott Community College","KS",1,"5500",37213,10838
"Garden City Community College","KS",1,"5200",41704,14588
"Haskell Indian Nations University","KS",1,"PS",37043,10134
"Hesston College","KS",2,"12000",47495,44939
"Highland Community College","KS",1,"5500",41291,15854
"Hutchinson Community College","KS",1,"6500",43470,12881
"Independence Community College","KS",1,"4750",34941,12041
"Johnson County Community College","KS",1,"4500",45387,18946
"Kansas City Kansas Community College","KS",1,"5750",40795,18095
"University of Kansas","KS",1,"15500",61945,25215
"Newman University","KS",2,"15240",55041,44081
"Kansas State University","KS",1,"17294",57262,25441
"Kansas Wesleyan University","KS",2,"15000",51152,45683
"Washburn Institute of Technology","KS",1,"12500",49774,17795
"Labette Community College","KS",1,"6500",37818,13629
"Manhattan Area Technical College","KS",1,"7601",51864,18055
"Manhattan Christian College","KS",2,"13000",48860,34318
"McPherson College","KS",2,"13833",52084,48404
"MidAmerica Nazarene University","KS",2,"12912",62972,53495
"Neosho County Community College","KS",1,"5500",45966,16555
"Fort Hays Tech North Central","KS",1,"6850",46928,22287
"Ottawa University-Ottawa","KS",2,"12500",55552,51340
"Pittsburg State University","KS",1,"14000",50579,22426
"Pratt Community College","KS",1,"5500",51892,15333
"University of Saint Mary","KS",2,"14817",59483,45313
"Salina Area Technical College","KS",1,"5500",42175,12938
"Seward County Community College","KS",1,"5000",41445,12662
"Southwestern College","KS",2,"12500",55646,53677
"Sterling College","KS",2,"12000",45846,44836
"Tabor College","KS",2,"14000",54058,48360
"Washburn University","KS",1,"12500",49774,20949
"Wichita State University-Campus of Applied Sciences and Technology","KS",1,"6650",38679,16928
"Wichita State University","KS",1,"14700",51532,21064
"Alice Lloyd College","KY",2,"7990",40573,30294
"Asbury University","KY",2,"17500",42368,46209
"Ashland Community and Technical College","KY",1,"8000",34504,13571
"Bellarmine University","KY",2,"20000",62069,60247
"Berea College","KY",2,"3516",43150,56068
"Southcentral Kentucky Community and Technical College","KY",1,"7600",34242,13738
"Brescia University","KY",2,"20185",45500,41865
"Campbellsville University","KY",2,"9500",41583,40924
"Bluegrass Community and Technical College","KY",1,"6755",36343,13281
"Centre College","KY",2,"25125",66240,63354
"Clear Creek Baptist Bible College","KY",2,"PS",41623,20151
"University of the Cumberlands","KY",2,"8592",45036,24654
"Eastern Kentucky University","KY",1,"14929",45795,22265
"Elizabethtown Community and Technical College","KY",1,"5975",36143,13502
"Georgetown College","KY",2,"13000",52074,56297
"Hazard Community and Technical College","KY",1,"7000",29868,12187
"Henderson Community College","KY",1,"7457",35714,13433
"Hopkinsville Community College","KY",1,"6999",36323,12810
"Jefferson Community and Technical College","KY",1,"6989",38171,13488
"American National University-Pikeville","KY",3,"10814",28188,21504
"Kentucky Mountain Bible College","KY",2,"5500",21256,16490
"Kentucky State University","KY",1,"12250",36382,21023
"Kentucky Wesleyan College","KY",2,"11000",46747,43981
"University of Kentucky","KY",1,"16750",59025,32291
"Kentucky Christian University","KY",2,"8510",42375,38893
"Lindsey Wilson College","KY",2,"11514",41129,39568
"University of Louisville","KY",1,"13750",53899,30843
"Madisonville Community College","KY",1,"5853",35733,13413
"Maysville Community and Technical College","KY",1,"8047",32194,13015
"Midway University","KY",2,"12470",44246,41400
"Morehead State University","KY",1,"14705",43197,22758
"Murray State University","KY",1,"15000",44737,21475
"Gateway Community and Technical College","KY",1,"8000",36147,13849
"Northern Kentucky University","KY",1,"15159",50220,19471
"West Kentucky Community and Technical College","KY",1,"6158",34891,13457
"University of Pikeville","KY",2,"12467",48231,33271
"Big Sandy Community and Technical College","KY",1,"6911",32954,13046
"Somerset Community College","KY",1,"8000",30787,12464
"Southeast Kentucky Community & Technical College","KY",1,"5500",29482,12431
"Spalding University","KY",2,"20500",49438,43474
"Sullivan University","KY",3,"10688",38008,31100
"Thomas More University","KY",2,"14376",59384,46342
"Transylvania University","KY",2,"20000",54705,58863
"Union Commonwealth University","KY",2,"14250",42002,44375
"Western Kentucky University","KY",1,"14702",43889,23520
"Central Louisiana Technical Community College","LA",1,"7000",29558,11966
"Bossier Parish Community College","LA",1,"9500",34502,15872
"Centenary College of Louisiana","LA",2,"15250",50330,57929
"Delgado Community College","LA",1,"9500",33305,19137
"Dillard University","LA",2,"23048",39196,36057
"Nunez Community College","LA",1,"8250",35343,17309
"Grambling State University","LA",1,"24500",41109,25100
"ITI Technical College","LA",3,"12214",68342,24236
"Louisiana State University-Alexandria","LA",1,"10500",42205,15540
"Louisiana State University and Agricultural & Mechanical College","LA",1,"12956",61251,34328
"Louisiana State University-Eunice","LA",1,"6989",36498,16541
"Louisiana State University-Shreveport","LA",1,"15000",47477,19233
"Louisiana Christian University","LA",2,"11000",51700,30564
"Louisiana Tech University","LA",1,"15000",52279,24405
"Loyola University New Orleans","LA",2,"18500",52927,61837
"McNeese State University","LA",1,"13000",46453,21168
"University of New Orleans","LA",1,"11000",47872,22605
"Nicholls State University","LA",1,"13156",45454,21519
"University of Louisiana at Monroe","LA",1,"15000",46769,23552
"Northwest Louisiana Technical Community College","LA",1,"PS",32503,17202
"Northwestern State University of Louisiana","LA",1,"15000",47021,24496
"University of Holy Cross","LA",2,"19500",49316,28380
"Franciscan Missionaries of Our Lady University","LA",2,"16669",59419,27314
"Saint Joseph Seminary College","LA",2,"PS",38366,43395
"Fletcher Technical Community College","LA",1,"7500",32189,16674
"Remington College-Lafayette Campus","LA",2,"9500",31349,35344
"SOWELA Technical Community College","LA",1,"4250",32303,16402
"Southeastern Louisiana University","LA",1,"11077",46482,22647
"Southern University and A & M College","LA",1,"15455",43371,26076
"Southern University at New Orleans","LA",1,"19500",34042,20893
"Southern University at Shreveport","LA",1,"7500",33099,18188
"University of Louisiana at Lafayette","LA",1,"14991",47089,24631
"Northshore Technical Community College","LA",1,"7772",29734,15772
"Tulane University of Louisiana","LA",2,"19250",63268,83761
"Xavier University of Louisiana","LA",2,"14000",52184,39183
"College of the Atlantic","ME",2,"17723",40264,56334
"Bates College","ME",2,"12442",69498,80440
"Bowdoin College","ME",2,"12000",82735,80390
"Maine College of Health Professions","ME",2,"12000",79840,20438
"Central Maine Community College","ME",1,"6568",42448,15160
"Colby College","ME",2,"15000",80490,81550
"Eastern Maine Community College","ME",1,"7833",41704,17184
"Kennebec Valley Community College","ME",1,"9500",36035,13978
"The Landing School","ME",2,"7500",65849,31362
"University of Maine at Augusta","ME",1,"13215",40342,18813
"University of Maine at Farmington","ME",1,"16722",44433,24103
"University of Maine at Fort Kent","ME",1,"12778",51077,18532
"University of Maine","ME",1,"16750",48653,26418
"Maine Maritime Academy","ME",1,"26812",89964,30166
"University of Maine at Presque Isle","ME",1,"8275",40956,18663
"University of New England","ME",2,"20000",55921,60706
"Northern Maine Community College","ME",1,"8225",43348,15581
"Maine College of Art & Design","ME",2,"19000",40778,57027
"Saint Joseph's College of Maine","ME",2,"19576",59045,58452
"Southern Maine Community College","ME",1,"6046",41661,16400
"University of Southern Maine","ME",1,"12887",49958,21381
"Thomas College","ME",2,"20000",44991,43757
"Unity Environmental University","ME",2,"4752",37852,20915
"Washington County Community College","ME",1,"5500",34407,13240
"Allegany College of Maryland","MD",1,"8250",38476,16082
"Anne Arundel Community College","MD",1,"6250",46219,20548
"Baltimore City Community College","MD",1,"PS",36025,15745
"University of Baltimore","MD",1,"18972",61335,27477
"Bowie State University","MD",1,"12861",54537,24302
"Capitol Technology University","MD",2,"12000",85035,40900
"Cecil College","MD",1,"8250",43952,15109
"College of Southern Maryland","MD",1,"5500",44435,13570
"Chesapeake College","MD",1,"PS",36301,10090
"Washington Adventist University","MD",2,"22750",64249,34570
"Coppin State University","MD",1,"15606",46490,20152
"Frederick Community College","MD",1,"5500",46449,8886
"Frostburg State University","MD",1,"14867",55493,26500
"Garrett College","MD",1,"6560",35823,11688
"Goucher College","MD",2,"17882",53023,68893
"Hagerstown Community College","MD",1,"6500",41615,11798
"Harford Community College","MD",1,"7241",44608,14290
"Hood College","MD",2,"18185",57089,59174
"Howard Community College","MD",1,"8250",49020,15645
"Johns Hopkins University","MD",2,"9000",87555,81300
"Loyola University Maryland","MD",2,"23882",82652,71606
"University of Maryland Global Campus","MD",1,"10500",65287,19790
"University of Maryland-Baltimore County","MD",1,"15750",69960,27935
"University of Maryland-College Park","MD",1,"17000",82860,28073
"Maryland Institute College of Art","MD",2,"16250",45212,71366
"University of Maryland Eastern Shore","MD",1,"18500",47697,27799
"Montgomery College","MD",1,"7000",50159,14410
"Morgan State University","MD",1,"19500",50698,24778
"Mount St. Mary's University","MD",2,"15000",64072,62078
"Ner Israel Rabbinical College","MD",2,"PS",66330,25650
"Notre Dame of Maryland University","MD",2,"17990",65344,60362
"Prince George's Community College","MD",1,"6000",47548,16107
"Salisbury University","MD",1,"15750",61515,26134
"St. Mary's College of Maryland","MD",1,"17000",60110,31319
"St. John's College","MD",2,"19500",51584,52683
"Towson University","MD",1,"15362",64390,26621
"Stevenson University","MD",2,"21500",62079,57322
"Washington College","MD",2,"21000",65518,70191
"McDaniel College","MD",2,"15000",60663,62974
"Wor-Wic Community College","MD",1,"3500",36748,12199
"American International College","MA",2,"21063",53124,55463
"Amherst College","MA",2,"12000",77644,83650
"Anna Maria College","MA",2,"17500",46651,61106
"Assumption University","MA",2,"24250",74895,61777
"Babson College","MA",2,"19000",123938,77248
"Boston Baptist College","MA",2,"PS",34159,26691
"Bay Path University","MA",2,"19100",55383,47064
"Bentley University","MA",2,"24007",120959,77082
"Berklee College of Music","MA",2,"15750",33647,69874
"Berkshire Community College","MA",1,"8250",38832,17544
"Boston Architectural College","MA",2,"24750",62123,47152
"Boston College","MA",2,"17962",103937,83683
"Boston University","MA",2,"21500",83238,82694
"Brandeis University","MA",2,"23250",77231,82123
"Bridgewater State University","MA",1,"18746",57466,25164
"Bristol Community College","MA",1,"5250",38663,11846
"Bunker Hill Community College","MA",1,"5500",47618,14699
"Cape Cod Community College","MA",1,"6443",43670,14356
"Clark University","MA",2,"22141",62381,64426
"Curry College","MA",2,"18320",54400,61556
"Dean College","MA",2,"12000",38109,62802
"Eastern Nazarene College","MA",2,"19500",54727,41948
"Emerson College","MA",2,"19000",62832,77153
"Emmanuel College","MA",2,"22969",68245,63864
"Endicott College","MA",2,"23250",58336,57533
"Fisher College","MA",2,"12500",49669,52723
"Fitchburg State University","MA",1,"18220",53874,24517
"Framingham State University","MA",1,"17224",52349,26539
"Benjamin Franklin Cummings Institute of Technology","MA",2,"9500",57556,27631
"Gordon College","MA",2,"23250",52119,41160
"Greenfield Community College","MA",1,"5500",37132,13752
"Hampshire College","MA",2,"25000",46938,71224
"Harvard University","MA",2,"12500",101817,82842
"Hellenic College-Holy Cross Greek Orthodox School of Theology","MA",2,"13521",51724,41282
"College of the Holy Cross","MA",2,"25879",90543,76510
"Holyoke Community College","MA",1,"4750",37277,13587
"Lasell University","MA",2,"21500",49705,63387
"Lesley University","MA",2,"15000",51173,49226
"Longy School of Music of Bard College","MA",2,"19000",46543,67675
"University of Massachusetts-Lowell","MA",1,"18250",64874,29521
"University of Massachusetts-Amherst","MA",1,"20000",71631,33389
"University of Massachusetts-Boston","MA",1,"15000",65865,29698
"Massachusetts Bay Community College","MA",1,"4620",52654,13346
"MCPHS University","MA",2,"25000",125557,58975
"Massachusetts College of Art and Design","MA",1,"19500",43582,32256
"Massachusetts Institute of Technology","MA",2,"12462",143372,79850
"Massachusetts Maritime Academy","MA",1,"20500",82392,37721
"Massasoit Community College","MA",1,"5567",46111,13887
"Merrimack College","MA",2,"23750",75584,68089
"Middlesex Community College","MA",1,"5187",50651,10759
"Montserrat College of Art","MA",2,"23707",33022,56284
"Mount Holyoke College","MA",2,"18258",58418,77545
"Mount Wachusett Community College","MA",1,"5500",41118,14330
"The New England Conservatory of Music","MA",2,"19500",34483,77870
"Nichols College","MA",2,"19500",58063,55871
"Massachusetts College of Liberal Arts","MA",1,"15750",48102,27705
"North Shore Community College","MA",1,"5500",45391,13204
"Northeastern University","MA",2,"22000",92538,81353
"Northern Essex Community College","MA",1,"5661",42862,11921
"College of Our Lady of the Elms","MA",2,"20500",51540,53145
"Quincy College","MA",1,"8300",52506,19527
"Quinsigamond Community College","MA",1,"10500",45949,13295
"Regis College","MA",2,"23750",52873,64315
"Roxbury Community College","MA",1,"PS",38773,15897
"Salem State University","MA",1,"19500",56662,27615
"Simmons University","MA",2,"21780",63494,63512
"Bard College at Simon's Rock","MA",2,"19000",46543,82465
"Smith College","MA",2,"13500",64027,82134
"Springfield College","MA",2,"23000",48036,57942
"Springfield Technical Community College","MA",1,"4996",36966,14223
"University of Massachusetts-Dartmouth","MA",1,"18133",68804,31677
"Stonehill College","MA",2,"23472",77745,68412
"Suffolk University","MA",2,"20500",67506,62822
"Tufts University","MA",2,"15043",83214,84600
"Wellesley College","MA",2,"8700",84803,83050
"Wentworth Institute of Technology","MA",2,"18500",82721,55030
"Western New England University","MA",2,"19500",73157,58933
"Westfield State University","MA",1,"15250",57346,26435
"Wheaton College (Massachusetts)","MA",2,"23000",67725,76819
"Williams College","MA",2,"11667",88665,81164
"Worcester Polytechnic Institute","MA",2,"26978",103470,75678
"Worcester State University","MA",1,"13916",60624,21586
"Adrian College","MI",2,"16000",55504,54950
"Albion College","MI",2,"19500",58799,68794
"Alma College","MI",2,"23250",54742,61380
"Alpena Community College","MI",1,"5500",36442,11320
"Andrews University","MI",2,"19716",53187,43670
"Aquinas College","MI",2,"17992",49584,49018
"Baker College","MI",2,"16753",35833,23456
"Bay de Noc Community College","MI",1,"8000",35090,15674
"Calvin University","MI",2,"19500",58375,53286
"Carnegie Institute","MI",3,"8568",38244,21863
"Central Michigan University","MI",1,"23183",55874,26470
"Mott Community College","MI",1,"5975",32538,12495
"Cleary University","MI",2,"12469",54186,39110
"Concordia University Ann Arbor","MI",2,"19500",56075,50378
"College for Creative Studies","MI",2,"19000",44860,61238
"Davenport University","MI",2,"17353",45099,35864
"Delta College","MI",1,"6000",37781,11953
"Universal Technical Institute-Canton","MI",3,"9500",62575,26607
"University of Detroit Mercy","MI",2,"19950",71030,40069
"Dorsey College","MI",3,"9500",29392,30059
"Eastern Michigan University","MI",1,"18750",51793,28168
"Ferris State University","MI",1,"15500",54735,26066
"Glen Oaks Community College","MI",1,"5543",37540,14645
"Kettering University","MI",2,"26563",94823,58610
"Gogebic Community College","MI",1,"6000",40950,13398
"Grace Christian University","MI",2,"9500",41663,24637
"Cornerstone University","MI",2,"18634",47314,40737
"Grand Rapids Community College","MI",1,"5500",38377,16255
"Grand Valley State University","MI",1,"19500",56118,26578
"Great Lakes Christian College","MI",2,"12250",31053,29664
"Henry Ford College","MI",1,"7300",34795,9983
"Hope College","MI",2,"23250",58427,52206
"Jackson College","MI",1,"8750",36898,15892
"Kalamazoo College","MI",2,"22810",65590,71173
"Kalamazoo Valley Community College","MI",1,"5054",38618,9517
"Kellogg Community College","MI",1,"10258",38329,11939
"Kirtland Community College","MI",1,"7043",35831,15802
"Lake Michigan College","MI",1,"5104",34466,17782
"Lake Superior State University","MI",1,"14764",49045,25757
"Lansing Community College","MI",1,"5613",39206,10180
"Lawrence Technological University","MI",2,"20500",69151,54266
"Macomb Community College","MI",1,"3500",41596,10719
"Madonna University","MI",2,"19000",59058,38809
"Rochester University","MI",2,"14750",48707,36215
"University of Michigan-Ann Arbor","MI",1,"17625",83648,33345
"Michigan State University","MI",1,"19500",67253,30528
"Michigan Technological University","MI",1,"20500",78198,32550
"University of Michigan-Dearborn","MI",1,"17000",59649,22435
"University of Michigan-Flint","MI",1,"18494",53230,23329
"Mid Michigan College","MI",1,"7810",37319,14816
"Monroe County Community College","MI",1,"6226",41646,9894
"Montcalm Community College","MI",1,"9500",35499,10978
"Muskegon Community College","MI",1,"5000",36549,11303
"North Central Michigan College","MI",1,"5500",36594,13378
"Northern Michigan University","MI",1,"13750",47107,26206
"Northwestern Michigan College","MI",1,"8191",38167,11821
"Northwood University","MI",2,"18750",63075,47114
"Oakland Community College","MI",1,"4592",37395,11487
"Oakland University","MI",1,"16787",58612,25016
"The University of Olivet","MI",2,"13000",47907,45849
"Kuyper College","MI",2,"16304",41066,37282
"Sacred Heart Major Seminary","MI",2,"7500",49295,39466
"Saginaw Valley State University","MI",1,"17500",51955,24043
"Schoolcraft Community College District","MI",1,"5531",42722,11921
"Siena Heights University","MI",2,"15625",57529,42802
"St Clair County Community College","MI",1,"7500",40177,12153
"Southwestern Michigan College","MI",1,"5500",37303,14999
"Spring Arbor University","MI",2,"24724",51732,43178
"Michigan Career and Technical Institute","MI",1,"PS",29376,16152
"Washtenaw Community College","MI",1,"7855",39449,11161
"Wayne County Community College District","MI",1,"7421",29079,12642
"Wayne State University","MI",1,"16597",53493,26794
"West Shore Community College","MI",1,"6000",36115,9674
"Western Michigan University","MI",1,"20115",53562,28655
"Academy College","MN",3,"16500",48300,34240
"Alexandria Technical & Community College","MN",1,"8251",49393,18962
"Anoka Technical College","MN",1,"9250",47746,16662
"Anoka-Ramsey Community College","MN",1,"8750",48342,16110
"Augsburg University","MN",2,"19500",58829,57966
"Riverland Community College","MN",1,"9500",45247,14611
"Northwest Technical College","MN",1,"9500",42930,18271
"Bemidji State University","MN",1,"13809",53755,23066
"Bethany Lutheran College","MN",2,"15935",46110,39624
"Bethel University","MN",2,"18272",63764,56310
"Central Lakes College-Brainerd","MN",1,"8439",42162,18003
"Carleton College","MN",2,"15960",75525,81350
"Concordia College at Moorhead","MN",2,"20895",59317,43074
"Concordia University-Saint Paul","MN",2,"12166",59871,34495
"Dakota County Technical College","MN",1,"8250",51938,15792
"Martin Luther College","MN",2,"16606",47491,29288
"Lake Superior College","MN",1,"8820",46449,20049
"Minnesota State Community and Technical College","MN",1,"9360",45591,15570
"Minnesota West Community and Technical College","MN",1,"9500",45285,17205
"Gustavus Adolphus College","MN",2,"23250",65607,65976
"Hamline University","MN",2,"15750",61106,56738
"Hennepin Technical College","MN",1,"9500",49460,15830
"Minnesota North College","MN",1,"8694",45570,16231
"Inver Hills Community College","MN",1,"9315",49898,15612
"Macalester College","MN",2,"19500",63878,78900
"South Central College","MN",1,"8250",45068,15400
"Minnesota State University-Mankato","MN",1,"14000",56922,22565
"Metropolitan State University","MN",1,"12900",64705,26057
"University of Minnesota-Twin Cities","MN",1,"16727",69020,29013
"University of Minnesota-Crookston","MN",1,"12500",58056,25290
"Minneapolis College of Art and Design","MN",2,"19225",40873,54606
"Minneapolis Community and Technical College","MN",1,"10500",40086,18826
"Herzing University-Minneapolis","MN",2,"11756",36909,23747
"University of Minnesota-Duluth","MN",1,"16000",62616,26907
"University of Minnesota-Morris","MN",1,"12377",50919,25816
"Minnesota State University Moorhead","MN",1,"15000",50527,24419
"North Hennepin Community College","MN",1,"9000",51142,14293
"Normandale Community College","MN",1,"8000",50207,17594
"North Central University","MN",2,"16750",45064,42215
"Northland Community and Technical College","MN",1,"9500",44425,17893
"University of Northwestern-St Paul","MN",2,"17750",50755,48246
"Northwestern Health Sciences University","MN",2,"8250",48666,36501
"Oak Hills Christian College","MN",2,"9500",35983,31810
"Pine Technical & Community College","MN",1,"9933",41232,15534
"Rochester Community and Technical College","MN",1,"9250",45287,17814
"College of Saint Benedict","MN",2,"23250",63260,66878
"St Cloud Technical and Community College","MN",1,"8265",46874,15374
"Saint Cloud State University","MN",1,"14362",55813,21389
"Saint Johns University","MN",2,"23250",76786,66863
"Saint Mary's University of Minnesota","MN",2,"16099",58170,54870
"St Olaf College","MN",2,"23250",65543,69200
"Crown College","MN",2,"15225",48057,44961
"The College of Saint Scholastica","MN",2,"17125",65934,53069
"University of St Thomas","MN",2,"19500",73739,64684
"St Catherine University","MN",2,"19716",59282,58432
"Rasmussen University-Minnesota","MN",3,"13000",39080,24056
"Saint Paul College","MN",1,"9000",38399,17977
"Southwest Minnesota State University","MN",1,"14250",51342,22399
"Dunwoody College of Technology","MN",2,"12000",61511,34834
"Ridgewater College","MN",1,"9196",43827,16195
"Minnesota State College Southeast","MN",1,"9500",43613,20158
"Winona State University","MN",1,"15000",58532,23373
"Century College","MN",1,"9500",46424,15084
"Alcorn State University","MS",1,"17021",36421,23937
"Belhaven University","MS",2,"18549",46440,38359
"Blue Mountain Christian University","MS",2,"13750",40421,32140
"Coahoma Community College","MS",1,"PS",24289,9071
"Copiah-Lincoln Community College","MS",1,"5500",31241,11844
"Delta State University","MS",1,"15000",41991,22008
"East Central Community College","MS",1,"4481",32421,12692
"East Mississippi Community College","MS",1,"5790",33772,10806
"Hinds Community College","MS",1,"5951",30774,9817
"Holmes Community College","MS",1,"5500",32922,12733
"Itawamba Community College","MS",1,"5500",32912,11557
"Jackson State University","MS",1,"24751",39060,28611
"Jones County Junior College","MS",1,"5500",33377,14975
"Meridian Community College","MS",1,"4500",31002,13402
"Millsaps College","MS",2,"19500",53848,61025
"Mississippi Delta Community College","MS",1,"PS",28421,9270
"University of Mississippi","MS",1,"15250",50994,27692
"Mississippi University for Women","MS",1,"13000",46128,21808
"Mississippi Valley State University","MS",1,"19203",31919,21606
"Mississippi College","MS",2,"17759",47485,39167
"Mississippi Gulf Coast Community College","MS",1,"6625",33017,12908
"Mississippi State University","MS",1,"16324",51513,26922
"Northeast Mississippi Community College","MS",1,"5500",34081,14779
"Northwest Mississippi Community College","MS",1,"5500",36396,13156
"Pearl River Community College","MS",1,"6250",33019,11607
"Rust College","MS",2,"13777",32275,18448
"Southeastern Baptist College","MS",2,"PS",26946,10775
"Southwest Mississippi Community College","MS",1,"PS",33227,10933
"University of Southern Mississippi","MS",1,"14250",44140,25482
"Tougaloo College","MS",2,"23098",34724,22570
"William Carey University","MS",2,"15796",43087,30846
"Avila University","MO",2,"19230",52773,32863
"Mission University","MO",2,"16000",38641,29288
"Calvary University","MO",2,"12500",45421,20044
"Central Christian College of the Bible","MO",2,"10125",34675,22288
"Central Methodist University-College of Liberal Arts and Sciences","MO",2,"13292",48991,43890
"University of Central Missouri","MO",1,"15750",49560,22086
"Cleveland University-Kansas City","KS",2,"9500",52304,39040
"Columbia College","MO",2,"14750",45378,37136
"Conception Seminary College","MO",2,"PS",50430,41161
"Cottey College","MO",2,"11000",35422,36726
"Crowder College","MO",1,"5500",35987,11561
"Culver-Stockton College","MO",2,"15000",46092,43028
"Drury University","MO",2,"13000",40694,47091
"East Central College","MO",1,"6590",36916,18191
"Evangel University","MO",2,"17495",46573,38931
"Fontbonne University","MO",2,"16500",48825,42982
"Four Rivers Career Center","MO",1,"8745",48199,27525
"Ozarks Technical Community College","MO",1,"6500",36455,12540
"Hannibal-LaGrange University","MO",2,"13688",42643,39296
"Harris-Stowe State University","MO",1,"13500",31088,19616
"Jefferson College","MO",1,"6000",40782,12965
"Kansas City Art Institute","MO",2,"21500",37032,57779
"Lincoln University","MO",1,"19000",39463,21265
"Lindenwood University","MO",2,"20500",53278,33442
"State Technical College of Missouri","MO",1,"8500",55901,17385
"Logan University","MO",2,"7767",55838,24276
"Metropolitan Community College-Kansas City","MO",1,"6500",40796,14162
"Maryville University of Saint Louis","MO",2,"10041",62105,45093
"Midwestern Baptist Theological Seminary","MO",2,"9995",50535,31765
"Mineral Area College","MO",1,"7815",35352,17328
"Missouri Baptist University","MO",2,"17726",46660,47370
"Missouri Southern State University","MO",1,"11650",42620,19194
"Missouri Valley College","MO",2,"10250",43221,37001
"Missouri Western State University","MO",1,"11920",42647,20282
"University of Missouri-Columbia","MO",1,"16500",63403,28948
"University of Missouri-Kansas City","MO",1,"14835",59637,24645
"Missouri University of Science and Technology","MO",1,"19000",82957,25653
"University of Missouri-St Louis","MO",1,"16500",53037,27442
"Moberly Area Community College","MO",1,"8000",37537,13379
"Truman State University","MO",1,"16679",56280,23420
"Northwest Missouri State University","MO",1,"14927",47885,22906
"Ozark Christian College","MO",2,"9784",41297,25475
"College of the Ozarks","MO",2,"PS",41592,32262
"Park University","MO",2,"12500",56309,23714
"Stevens-The Institute of Business & Arts","MO",3,"21000",29058,27565
"Ranken Technical College","MO",2,"9813",55955,28229
"Rockhurst University","MO",2,"12500",67102,57712
"Saint Louis University","MO",2,"19500",70783,69125
"University of Health Sciences and Pharmacy in St. Louis","MO",2,"14000",137047,53608
"Saint Louis Community College","MO",1,"3839",35325,12053
"Southwest Baptist University","MO",2,"14000",43112,38035
"Missouri State University-West Plains","MO",1,"5750",36922,15761
"State Fair Community College","MO",1,"6500",35562,13483
"Stephens College","MO",2,"19489",43071,42694
"Southeast Missouri State University","MO",1,"14750",44030,23337
"Missouri State University-Springfield","MO",1,"16200",49827,24022
"Three Rivers College","MO",1,"7061",32442,17482
"North Central Missouri College","MO",1,"8000",40837,17119
"Washington University in St Louis","MO",2,"15000",86182,83476
"Webster University","MO",2,"18500",50876,49218
"Westminster College","MO",2,"19463",52199,49646
"William Jewell College","MO",2,"19250",59268,34291
"William Woods University","MO",2,"14425",42401,44907
"Blackfeet Community College","MT",2,"PS",22953,12168
"Highlands College of Montana Tech","MT",1,"9847",54329,16138
"Carroll College","MT",2,"21000",61772,54141
"Dawson Community College","MT",1,"5500",41951,15311
"Chief Dull Knife College","MT",1,"PS",20073,12809
"Montana State University Billings","MT",1,"10086",44296,18473
"Flathead Valley Community College","MT",1,"6719",38520,14949
"Aaniiih Nakoda College","MT",1,"PS",30528,16133
"Fort Peck Community College","MT",1,"PS",14747,11078
"Great Falls College Montana State University","MT",1,"7992",38034,14341
"University of Providence","MT",2,"12500",48296,43054
"Helena College University of Montana","MT",1,"9500",40738,17493
"Little Big Horn College","MT",1,"PS",21152,11402
"Miles Community College","MT",1,"8025",42862,15399
"Montana Technological University","MT",1,"9847",54329,21620
"Montana State University","MT",1,"13748",53263,23779
"The University of Montana","MT",1,"15000",44511,23744
"Montana State University-Northern","MT",1,"10560",49505,17363
"Rocky Mountain College","MT",2,"12000",49036,44180
"Salish Kootenai College","MT",1,"8450",32725,14562
"The University of Montana-Western","MT",1,"12000",43229,19414
"Bellevue University","NE",2,"11000",61289,33315
"Clarkson College","NE",2,"19500",64876,23962
"Bryan College of Health Sciences","NE",2,"22250",70845,28837
"Central Community College","NE",1,"5500",39429,13504
"Chadron State College","NE",1,"11343",47002,20672
"Concordia University-Nebraska","NE",2,"18750",52415,51179
"Creighton University","NE",2,"21500",73911,61046
"Doane University","NE",2,"19500",53316,55510
"Hastings College","NE",2,"15595",51303,49051
"University of Nebraska at Kearney","NE",1,"13070",50105,24452
"Nebraska Methodist College of Nursing & Allied Health","NE",2,"21784",65071,30659
"Metropolitan Community College Area","NE",1,"4061",38773,9684
"Mid-Plains Community College","NE",1,"6291",40059,12030
"Midland University","NE",2,"15000",52163,52386
"University of Nebraska at Omaha","NE",1,"12750",53909,20446
"Nebraska Indian Community College","NE",1,"PS",31458,29812
"Nebraska Wesleyan University","NE",2,"17500",56405,53350
"University of Nebraska-Lincoln","NE",1,"14750",56887,25341
"Northeast Community College","NE",1,"7244",42634,13845
"Peru State College","NE",1,"12000",47071,20743
"College of Saint Mary","NE",2,"17500",54338,33989
"Southeast Community College Area","NE",1,"6672",43405,12319
"Union Adventist University","NE",2,"18750",55045,40586
"Nebraska College of Technical Agriculture","NE",1,"14750",56887,19088
"Wayne State College","NE",1,"12240",47075,21310
"Western Nebraska Community College","NE",1,"5500",38729,12550
"York University","NE",2,"14250",44130,33136
"College of Southern Nevada","NV",1,"4500",38087,13270
"Las Vegas College","NV",3,"7951",31398,33134
"University of Nevada-Las Vegas","NV",1,"12500",55037,19440
"University of Nevada-Reno","NV",1,"13000",60614,24702
"Great Basin College","NV",1,"8973",39289,12010
"Truckee Meadows Community College","NV",1,"6999",44573,15874
"Western Nevada College","NV",1,"9000",41987,19595
"Colby-Sawyer College","NH",2,"19500",46474,65807
"Dartmouth College","NH",2,"15157",97434,83802
"Franklin Pierce University","NH",2,"19500",53353,61955
"Magdalen College","NH",2,"11331",35809,36856
"New England College","NH",2,"15603",42092,60896
"Southern New Hampshire University","NH",2,"9169",50318,37524
"University of New Hampshire-Main Campus","NH",1,"22498",66479,34567
"Keene State College","NH",1,"19500",54368,29524
"University of New Hampshire at Manchester","NH",1,"22498",66479,22605
"Plymouth State University","NH",1,"17000",57304,29257
"NHTI-Concord's Community College","NH",1,"9168",48943,23210
"White Mountains Community College","NH",1,"8400",35037,20388
"River Valley Community College","NH",1,"10000",44700,24442
"Lakes Region Community College","NH",1,"9500",51182,22877
"Manchester Community College","NH",1,"9500",49063,17069
"Nashua Community College","NH",1,"7833",46164,18752
"Great Bay Community College","NH",1,"7466",42397,22016
"Rivier University","NH",2,"21000",52248,50999
"Saint Anselm College","NH",2,"26987",73371,65067
"University of New Hampshire College of Professional Studies Online","NH",1,"22498",66479,19236
"Thomas More College of Liberal Arts","NH",2,"22475",53565,38889
"Eastwick College-Hackensack","NJ",3,"10617",39762,38705
"Atlantic Cape Community College","NJ",1,"7382",34241,15261
"Bergen Community College","NJ",1,"8250",46624,15317
"Berkeley College-Woodland Park","NJ",3,"15414",40251,38702
"Bloomfield College of Montclair State University","NJ",2,"18500",45902,44298
"Brookdale Community College","NJ",1,"8341",44379,15369
"Rowan College at Burlington County","NJ",1,"7000",44745,11965
"Caldwell University","NJ",2,"18500",53843,53586
"Camden County College","NJ",1,"6750",41212,11538
"Centenary University","NJ",2,"19321",53726,51351
"County College of Morris","NJ",1,"5750",50243,14629
"Rowan College of South Jersey-Cumberland Campus","NJ",1,"7664",41751,12920
"Drew University","NJ",2,"21000",63646,61378
"Essex County College","NJ",1,"PS",37230,11821
"Fairleigh Dickinson University-Metropolitan Campus","NJ",2,"19500",57273,47791
"Felician University","NJ",2,"19250",57602,50346
"Fairleigh Dickinson University-Florham Campus","NJ",2,"19500",57273,52840
"Georgian Court University","NJ",2,"16984",53096,49198
"Rowan University","NJ",1,"16750",59988,34116
"Rowan College of South Jersey-Gloucester Campus","NJ",1,"7664",41751,14302
"Eastwick College-Ramsey","NJ",3,"13771",51725,33887
"Holy Name Medical Center-Sister Claire Tynan School of Nursing","NJ",2,"14750",87408,24635
"Hudson County Community College","NJ",1,"6000",34333,13014
"New Jersey City University","NJ",1,"14250",52745,23668
"Kean University","NJ",1,"17199",57237,24924
"Mercer County Community College","NJ",1,"7000",43264,12337
"Middlesex College","NJ",1,"5500",46861,13721
"Monmouth University","NJ",2,"23250",67991,60113
"Montclair State University","NJ",1,"17500",61415,25926
"JFK Muhlenberg Harold B. and Dorothy A. Snyder Schools","NJ",2,"21000",73894,39193
"Eastwick College-Nutley","NJ",3,"9500",42827,22900
"New Jersey Institute of Technology","NJ",1,"17500",84276,32228
"Ocean County College","NJ",1,"8500",45210,16424
"Passaic County Community College","NJ",1,"5500",36972,14717
"Princeton University","NJ",2,"10000",110066,80440
"Rabbinical College of America","NJ",2,"PS",34990,25000
"Ramapo College of New Jersey","NJ",1,"15000",67541,30176
"Rider University","NJ",2,"20500",62208,53982
"Rutgers University-Camden","NJ",1,"19000",74479,33812
"Rutgers University-New Brunswick","NJ",1,"19000",74479,35232
"Rutgers University-Newark","NJ",1,"19000",74479,33749
"Saint Peter's University","NJ",2,"16091",57815,50052
"Salem Community College","NJ",1,"8250",38020,16706
"Seton Hall University","NJ",2,"17886",70196,64996
"Saint Elizabeth University","NJ",2,"13000",53038,52328
"Raritan Valley Community College","NJ",1,"6000",48145,13039
"Stevens Institute of Technology","NJ",2,"23250",108772,76449
"Stockton University","NJ",1,"16380",57602,32159
"Talmudical Academy-New Jersey","NJ",2,"PS",40344,21300
"Aviation Institute of Maintenance-Teterboro","NJ",3,"12827",73971,26064
"The College of New Jersey","NJ",1,"21500",73323,37070
"UCNJ Union College of Union County New Jersey","NJ",1,"8500",41595,13752
"William Paterson University of New Jersey","NJ",1,"15750",57780,26555
"Central New Mexico Community College","NM",1,"4500",36869,10906
"Navajo Technical University","NM",1,"PS",26364,11945
"New Mexico State University-Dona Ana","NM",1,"10250",39067,12541
"Clovis Community College","NM",1,"5750",34020,10066
"Eastern New Mexico University-Main Campus","NM",1,"11000",38550,18503
"Eastern New Mexico University-Roswell Campus","NM",1,"11000",38550,12220
"Institute of American Indian and Alaska Native Culture and Arts Development","NM",1,"PS",24505,23873
"New Mexico Highlands University","NM",1,"9500",45937,21046
"New Mexico Junior College","NM",1,"5500",34233,9150
"New Mexico Military Institute","NM",1,"4549",57410,18891
"University of New Mexico-Gallup Campus","NM",1,"13698",44792,11378
"New Mexico Institute of Mining and Technology","NM",1,"11057",76489,22872
"University of New Mexico-Los Alamos Campus","NM",1,"13698",44792,15550
"University of New Mexico-Main Campus","NM",1,"13698",44792,20973
"New Mexico State University-Alamogordo","NM",1,"10250",39067,13482
"New Mexico State University-Grants","NM",1,"10250",39067,15593
"New Mexico State University-Main Campus","NM",1,"10250",39067,20930
"University of New Mexico-Valencia County Campus","NM",1,"13698",44792,14710
"Northern New Mexico College","NM",1,"6500",38112,17529
"San Juan College","NM",1,"6253",36513,13178
"Santa Fe Community College","NM",1,"9604",38005,15783
"University of the Southwest","NM",2,"14000",45389,30369
"Southwestern Indian Polytechnic Institute","NM",1,"PS",27660,14221
"University of New Mexico-Taos Campus","NM",1,"13698",44792,16135
"Mesalands Community College","NM",1,"5295",32272,15589
"Western New Mexico University","NM",1,"12500",39095,21649
"Vaughn College of Aeronautics and Technology","NY",2,"14000",64973,47174
"Adelphi University","NY",2,"20500",75482,57444
"SUNY Adirondack","NY",1,"8494",41267,16664
"Bryant & Stratton College-Albany","NY",2,"9500",32568,22650
"Albany College of Pharmacy and Health Sciences","NY",2,"25000",131426,52317
"Alfred University","NY",2,"17751",54897,54516
"The Ailey School","NY",2,"13399",22782,38671
"American Academy of Dramatic Arts-New York","NY",2,"12000",27019,61369
"American Academy McAllister Institute of Funeral Service","NY",2,"11000",54695,27025
"American Musical and Dramatic Academy","NY",2,"12000",26975,63779
"Associated Beth Rivkah Schools","NY",2,"PS",17686,27111
"Bard College","NY",2,"19000",46543,81661
"Barnard College","NY",2,"15750",80516,84023
"Berkeley College-New York","NY",3,"19000",45884,39029
"Boricua College","NY",2,"6347",35348,23338
"SUNY Broome Community College","NY",1,"7727",39710,15541
"Bryant & Stratton College-Syracuse North","NY",2,"9500",32568,21955
"Bryant & Stratton College-Buffalo","NY",2,"9500",32568,23942
"Bryant & Stratton College-Greece","NY",2,"9500",32568,23142
"Canisius University","NY",2,"19000",60681,42271
"St Paul's School of Nursing-Queens","NY",3,"20000",104403,38134
"Cayuga County Community College","NY",1,"6462",38709,13920
"Central Yeshiva Tomchei Tmimim Lubavitz","NY",2,"PS",35023,27589
"Circle in the Square Theatre School","NY",2,"20000",39899,42500
"Clarkson University","NY",2,"21714",89696,76451
"Clinton Community College","NY",1,"8125",39246,15614
"Colgate University","NY",2,"13000",85139,83650
"Metropolitan College of New York","NY",2,"20000",46236,32786
"Columbia University in the City of New York","NY",2,"18750",102491,86042
"Columbia-Greene Community College","NY",1,"9000",44441,12441
"The Cooper Union for the Advancement of Science and Art","NY",2,"12375",83847,67088
"Cornell University","NY",2,"13000",104043,83196
"SUNY Corning Community College","NY",1,"8750",38817,13917
"Pomeroy College of Nursing at Crouse Hospital","NY",2,"12000",83972,26409
"Culinary Institute of America","NY",2,"12000",47475,54106
"CUNY Bernard M Baruch College","NY",1,"10000",75971,13521
"CUNY Borough of Manhattan Community College","NY",1,"5550",42306,12187
"CUNY Bronx Community College","NY",1,"6430",41307,11987
"CUNY Brooklyn College","NY",1,"9218",60752,13573
"College of Staten Island CUNY","NY",1,"8846",53501,14084
"CUNY City College","NY",1,"9775",66039,13514
"CUNY Hostos Community College","NY",1,"6000",40485,12390
"CUNY Hunter College","NY",1,"8812",63163,13310
"CUNY John Jay College of Criminal Justice","NY",1,"9250",56195,13712
"CUNY Kingsborough Community College","NY",1,"5500",42621,12998
"CUNY LaGuardia Community College","NY",1,"5217",41653,13167
"CUNY Lehman College","NY",1,"8500",58013,13456
"CUNY Medgar Evers College","NY",1,"7400",46498,14069
"CUNY New York City College of Technology","NY",1,"7000",49365,13404
"CUNY Queens College","NY",1,"8580",62763,13643
"CUNY Queensborough Community College","NY",1,"5500",44214,11882
"CUNY York College","NY",1,"7500",56945,13686
"D'Youville  University","NY",2,"19750",66942,42512
"Daemen University","NY",2,"15041",61808,44232
"Dominican University New York","NY",2,"18250",61171,48001
"Dutchess Community College","NY",1,"5500",43929,15709
"Belanger School of Nursing","NY",2,"11750",79677,24233
"Elmira College","NY",2,"20230",57550,50783
"Erie Community College","NY",1,"5500",41228,12475
"Fashion Institute of Technology","NY",1,"12000",62696,29732
"Finger Lakes Community College","NY",1,"8250",40054,19411
"Five Towns College","NY",3,"12750",35887,40792
"Fordham University","NY",2,"20500",85569,77351
"Fulton-Montgomery Community College","NY",1,"8500",39535,14219
"Genesee Community College","NY",1,"6549",39674,15432
"Hamilton College","NY",2,"15015",78411,80380
"Hartwick College","NY",2,"17500",61107,66623
"Helene Fuld College of Nursing","NY",2,"14292",111027,41733
"Herkimer County Community College","NY",1,"6500",39199,17648
"Hilbert College","NY",2,"15000",48309,40002
"Hobart William Smith Colleges","NY",2,"24250",68831,80635
"Hofstra University","NY",2,"18518",69039,68298
"Houghton University","NY",2,"20313",46721,29287
"Hudson Valley Community College","NY",1,"5713",45460,13654
"Iona University","NY",2,"19500",73595,57336
"Island Drafting and Technical Institute","NY",3,"12000",62379,30201
"Ithaca College","NY",2,"19500",63548,66162
"Jamestown Community College","NY",1,"6037",38242,17300
"Jamestown Business College","NY",3,"10873",34976,19567
"Jefferson Community College","NY",1,"7685",39991,17874
"Jewish Theological Seminary of America","NY",2,"14976",92751,80579
"The Juilliard School","NY",2,"25000",37827,81090
"Kehilath Yakov Rabbinical Seminary","NY",2,"PS",36442,16625
"Keuka College","NY",2,"21418",58289,53506
"LIM College","NY",3,"17500",58956,50471
"Le Moyne College","NY",2,"18435",62731,51033
"Long Island University","NY",2,"19500",59950,52419
"Long Island Business Institute","NY",3,"10000",23438,19228
"Machzikei Hadath Rabbinical College","NY",2,"PS",41527,20375
"Mandl School-The College of Allied Health","NY",3,"12000",39108,38957
"Manhattan University","NY",2,"21500",86316,62537
"Manhattan School of Music","NY",2,"25125",26878,74277
"Manhattanville University","NY",2,"20090",58832,55641
"Maria College of Albany","NY",2,"14708",55458,23518
"Marion S Whelan School of Nursing of Geneva General Hospital","NY",2,"14751",70771,14085
"Marist University","NY",2,"21500",77819,63898
"Marymount Manhattan College","NY",2,"19250",49131,63837
"Mercy University","NY",2,"15000",52055,32391
"Mildred Elley School-Albany Campus","NY",3,"12000",38830,28648
"Mirrer Yeshiva Cent Institute","NY",2,"PS",41192,21343
"Mohawk Valley Community College","NY",1,"7467",39850,15981
"Molloy University","NY",2,"24250",77789,48251
"Monroe University","NY",3,"12672",41236,26306
"Monroe Community College","NY",1,"6500",40174,14196
"Mount Saint Mary College","NY",2,"22250",67705,51810
"University of Mount Saint Vincent","NY",2,"18500",65756,50617
"Nassau Community College","NY",1,"6000",48248,13907
"Nazareth University","NY",2,"22500",56458,56140
"Neighborhood Playhouse School of the Theater","NY",2,"12000",29382,39556
"The New School","NY",2,"15498",52901,82757
"New York University","NY",2,"18500",82509,79121
"Niagara County Community College","NY",1,"7070",42285,13545
"Niagara University","NY",2,"20312",56196,50174
"North Country Community College","NY",1,"9500",38276,17964
"New York Institute of Technology","NY",2,"17000",70080,53625
"New York School of Interior Design","NY",2,"12750",48041,46980
"Onondaga Community College","NY",1,"5500",41190,14613
"Orange County Community College","NY",1,"6500",44117,14396
"Pace University","NY",2,"17750",70378,68092
"Paul Smiths College of Arts and Science","NY",2,"17062",46145,50865
"Plaza College","NY",3,"13348",31519,25190
"Davis College","NY",2,"17290",38450,22080
"Pratt Institute-Main","NY",2,"20500",54295,76533
"Rabbinical College Bobover Yeshiva Bnei Zion","NY",2,"PS",20707,19382
"Rensselaer Polytechnic Institute","NY",2,"21995",102051,79934
"Roberts Wesleyan University","NY",2,"19000",55031,49621
"Rochester Institute of Technology","NY",2,"20872",76571,71714
"University of Rochester","NY",2,"19000",79042,82600
"Rockland Community College","NY",1,"5500",50243,14941
"Russell Sage College","NY",2,"18000",58316,50986
"St Bonaventure University","NY",2,"19500",57214,55265
"St. Francis College","NY",2,"12693",58099,42269
"St. Joseph's College of Nursing","NY",2,"12000",81908,30466
"St Lawrence University","NY",2,"22670",67258,79665
"The College of Saint Rose","NY",2,"16000",56040,52773
"St. Thomas Aquinas College","NY",2,"17500",62909,51685
"Samaritan Hospital School of Nursing","NY",2,"14250",64383,29132
"Sarah Lawrence College","NY",2,"19500",53603,79320
"Schenectady County Community College","NY",1,"6887",40902,13169
"Siena College","NY",2,"21471",76079,62329
"Skidmore College","NY",2,"15000",69363,81890
"St. Joseph's University-New York","NY",2,"17750",63905,39254
"Saint Elizabeth College of Nursing","NY",2,"12000",72122,28850
"St. John Fisher University","NY",2,"19500",66944,52514
"St Paul's School of Nursing-Staten Island","NY",3,"18500",86693,46582
"St. John's University-New York","NY",2,"19500",69571,61931
"Sullivan County Community College","NY",1,"6200",38354,16693
"SUNY College of Technology at Alfred","NY",1,"12000",50445,23982
"SUNY College of Technology at Canton","NY",1,"12500",47860,23169
"SUNY College of Technology at Delhi","NY",1,"12000",51629,26285
"SUNY College of Agriculture and Technology at Cobleskill","NY",1,"11000",45030,27108
"Farmingdale State College","NY",1,"11000",69781,17146
"SUNY Morrisville","NY",1,"12000",43295,26031
"University at Albany","NY",1,"15059",67979,28490
"Binghamton University","NY",1,"15000",80596,29657
"University at Buffalo","NY",1,"14250",70814,29043
"Stony Brook University","NY",1,"15000",74502,29174
"SUNY College of Environmental Science and Forestry","NY",1,"13000",55763,27958
"SUNY Polytechnic Institute","NY",1,"12000",64355,23018
"SUNY Brockport","NY",1,"15000",54496,25635
"SUNY Buffalo State University","NY",1,"12500",52334,23171
"State University of New York at Cortland","NY",1,"17500",60236,26413
"SUNY at Fredonia","NY",1,"17500",54247,25331
"SUNY College at Geneseo","NY",1,"14836",67316,26461
"State University of New York at New Paltz","NY",1,"15000",58073,27034
"SUNY Oneonta","NY",1,"15000",60386,27258
"State University of New York at Oswego","NY",1,"15750",57566,27155
"SUNY College at Potsdam","NY",1,"18166",47866,24489
"SUNY at Purchase College","NY",1,"15194",45092,28541
"SUNY Old Westbury","NY",1,"12000",58526,19934
"State University of New York at Plattsburgh","NY",1,"15000",56403,27415
"Empire State University","NY",1,"11000",54080,18221
"SUNY Maritime College","NY",1,"15875",95951,28880
"Swedish Institute a College of Health Sciences","NY",3,"13834",29699,37403
"Syracuse University","NY",2,"23697",79164,80396
"Talmudical Seminary Oholei Torah","NY",2,"PS",39230,19724
"Tompkins Cortland Community College","NY",1,"8250",40707,19349
"Touro University","NY",2,"12500",53419,37824
"Trocaire College","NY",2,"16617",55318,29500
"Ulster County Community College","NY",1,"6266",41896,12927
"Union College","NY",2,"21085",88604,81627
"United Talmudical Seminary","NY",2,"PS",25113,21624
"United States Merchant Marine Academy","NY",1,"6500",90610,9547
"Utica University","NY",2,"17538",63277,36845
"Vassar College","NY",2,"17500",71366,83573
"Villa Maria College","NY",2,"10511",38857,33719
"School of Visual Arts","NY",3,"22000",46459,75016
"Wagner College","NY",2,"21000",74360,63007
"Wells College","NY",2,"12000",51094,51012
"The College of Westchester","NY",3,"16875",42215,30087
"SUNY Westchester Community College","NY",1,"5500",46822,15172
"Word of Life Bible Institute","NY",2,"5500",36173,21300
"Yeshiva of Nitra Rabbinical College","NY",2,"PS",41785,22800
"Yeshiva University","NY",2,"14000",71353,69117
"College of the Albemarle","NC",1,"PS",33234,13202
"South Piedmont Community College","NC",1,"PS",37308,12511
"Appalachian State University","NC",1,"15750",51836,22654
"Asheville-Buncombe Technical Community College","NC",1,"10000",36048,16063
"Barton College","NC",2,"15000",47913,48055
"Beaufort County Community College","NC",1,"8125",32519,15189
"Belmont Abbey College","NC",2,"14560",47937,32494
"Bennett College","NC",2,"17351",36654,39900
"Bladen Community College","NC",1,"PS",30591,11271
"Blue Ridge Community College","NC",1,"9280",36324,13097
"Brevard College","NC",2,"11250",43545,45413
"Brunswick Community College","NC",1,"PS",36668,12767
"Cabarrus College of Health Sciences","NC",2,"11499",58708,24764
"Caldwell Community College and Technical Institute","NC",1,"6625",34515,15625
"Campbell University","NC",2,"17000",54886,58752
"Cape Fear Community College","NC",1,"6334",38654,13977
"Carteret Community College","NC",1,"4625",33357,21009
"Catawba College","NC",2,"13000",48793,47866
"Catawba Valley Community College","NC",1,"5125",36977,18703
"Central Carolina Community College","NC",1,"PS",33525,10451
"Central Piedmont Community College","NC",1,"5500",37865,10951
"Chowan University","NC",2,"15250",38412,37837
"Cleveland Community College","NC",1,"PS",33755,5477
"Coastal Carolina Community College","NC",1,"PS",36444,15130
"Craven Community College","NC",1,"5500",34231,12205
"Davidson-Davie Community College","NC",1,"9500",36337,14779
"Davidson College","NC",2,"16511",81400,75865
"Duke University","NC",2,"12000",97800,82749
"Durham Technical Community College","NC",1,"8719",36142,10745
"East Carolina University","NC",1,"17500",55146,23689
"Edgecombe Community College","NC",1,"9500",33267,12607
"Elizabeth City State University","NC",1,"12656",40026,18837
"Elon University","NC",2,"18500",74545,59369
"Fayetteville Technical Community College","NC",1,"8000",31861,11845
"Fayetteville State University","NC",1,"15766",40144,16098
"Forsyth Technical Community College","NC",1,"5888",34139,11617
"Gardner-Webb University","NC",2,"16453",48039,48813
"Gaston College","NC",1,"PS",35386,16008
"Greensboro College","NC",2,"17986",46566,34729
"Guilford College","NC",2,"15448",47590,55495
"Guilford Technical Community College","NC",1,"7915",33934,18425
"Halifax Community College","NC",1,"5670",31644,11481
"Haywood Community College","NC",1,"PS",34770,13546
"Heritage Bible College","NC",2,"PS",30672,18027
"High Point University","NC",2,"19000",61389,61582
"Isothermal Community College","NC",1,"PS",33325,13601
"James Sprunt Community College","NC",1,"5125",29307,12530
"Johnson C Smith University","NC",2,"20500",42680,34228
"Johnston Community College","NC",1,"6045",37310,12582
"Lees-McRae College","NC",2,"12000",43415,45886
"Lenoir Community College","NC",1,"PS",33866,15604
"Lenoir-Rhyne University","NC",2,"15750",45543,57649
"Livingstone College","NC",2,"26000",32600,28227
"Louisburg College","NC",2,"9500",34818,36813
"Mars Hill University","NC",2,"18172",44781,48794
"Martin Community College","NC",1,"PS",26016,11800
"Mayland Community College","NC",1,"PS",34663,14101
"McDowell Technical Community College","NC",1,"PS",33035,16949
"Meredith College","NC",2,"20066",51539,55557
"Methodist University","NC",2,"12500",48050,53585
"Mitchell Community College","NC",1,"PS",33298,15679
"Montgomery Community College","NC",1,"PS",32742,14100
"Montreat College","NC",2,"13875",45151,45829
"University of Mount Olive","NC",2,"20811",47139,35362
"Nash Community College","NC",1,"7199",34912,11198
"North Carolina A & T State University","NC",1,"20909",44440,19180
"University of North Carolina Asheville","NC",1,"14138",44030,21061
"University of North Carolina at Chapel Hill","NC",1,"12989",72200,25181
"University of North Carolina at Charlotte","NC",1,"16500",57289,22034
"University of North Carolina at Greensboro","NC",1,"16750",48160,19628
"North Carolina Central University","NC",1,"22000",42968,25618
"University of North Carolina School of the Arts","NC",1,"19500",38357,25553
"North Carolina State University at Raleigh","NC",1,"17320",68758,25613
"North Carolina Wesleyan University","NC",2,"19531",45873,48263
"University of North Carolina Wilmington","NC",1,"15178",54967,25913
"Pamlico Community College","NC",1,"PS",30005,14125
"William Peace University","NC",2,"15145",46643,49103
"University of North Carolina at Pembroke","NC",1,"15500",43407,16854
"Pfeiffer University","NC",2,"15500",51562,46700
"Piedmont Community College","NC",1,"PS",33274,16067
"Pitt Community College","NC",1,"8250",37259,15807
"Queens University of Charlotte","NC",2,"19500",57673,56944
"Randolph Community College","NC",1,"PS",33336,15688
"Richmond Community College","NC",1,"PS",29951,15715
"Mid-Atlantic Christian University","NC",2,"9500",38342,31429
"Roanoke-Chowan Community College","NC",1,"PS",29324,11560
"Robeson Community College","NC",1,"9250",29036,15753
"Rockingham Community College","NC",1,"PS",32480,10236
"Rowan-Cabarrus Community College","NC",1,"8457",34936,14666
"Saint Augustine's University","NC",2,"12750",35730,30324
"Salem College","NC",2,"19500",44640,47947
"Sampson Community College","NC",1,"PS",33409,14337
"Sandhills Community College","NC",1,"PS",31656,18596
"Shaw University","NC",2,"19000",34409,29659
"St. Andrews University","NC",2,"8750",45606,49709
"Southeastern Community College","NC",1,"5500",30284,14567
"Southwestern Community College","NC",1,"7000",34145,14429
"Stanly Community College","NC",1,"PS",36686,12847
"Surry Community College","NC",1,"PS",36012,14199
"Alamance Community College","NC",1,"PS",34241,22570
"Tri-County Community College","NC",1,"PS",32232,14581
"Vance-Granville Community College","NC",1,"4750",34304,13525
"Wake Forest University","NC",2,"19500",78158,82818
"Wake Technical Community College","NC",1,"7000",41769,16798
"Warren Wilson College","NC",2,"9500",36260,53576
"Wayne Community College","NC",1,"5875",34148,11311
"Western Piedmont Community College","NC",1,"3750",34195,15451
"Wilkes Community College","NC",1,"5600",34728,10494
"Wilson Community College","NC",1,"9004",32973,13807
"Wingate University","NC",2,"12000",52649,57780
"Carolina Christian College","NC",2,"10000",40672,18252
"Winston-Salem State University","NC",1,"18447",45344,22345
"Western Carolina University","NC",1,"15348",49458,19057
"Rasmussen University-North Dakota","ND",3,"13000",39080,24675
"Bismarck State College","ND",1,"6750",54277,15274
"Dickinson State University","ND",1,"11960",50720,20155
"University of Jamestown","ND",2,"15897",56621,36960
"Lake Region State College","ND",1,"7475",49502,15890
"Cankdeska Cikana Community College","ND",1,"PS",17008,13745
"University of Mary","ND",2,"18750",60909,32879
"Mayville State University","ND",1,"12268",47828,21042
"Minot State University","ND",1,"11980",51759,18141
"University of North Dakota","ND",1,"15238",63552,24580
"North Dakota State College of Science","ND",1,"8250",50513,16291
"Dakota College at Bottineau","ND",1,"8421",40576,17270
"North Dakota State University-Main Campus","ND",1,"16750",62203,23391
"Williston State College","ND",1,"6500",44017,18119
"Sitting Bull College","ND",1,"PS",28488,9847
"Trinity Bible College and Graduate School","ND",2,"16043",35604,29953
"Turtle Mountain Community College","ND",2,"PS",32079,14760
"United Tribes Technical College","ND",2,"PS",25292,12498
"Valley City State University","ND",1,"11761",52725,20713
"ETI Technical College of Niles","OH",3,"12255",34017,20701
"Herzing University-Akron","OH",2,"11756",36909,26588
"University of Akron Main Campus","OH",1,"15250",46600,24555
"University of Akron Wayne College","OH",1,"15250",46600,16603
"Allegheny Wesleyan College","OH",2,"PS",37453,13885
"Art Academy of Cincinnati","OH",2,"11750",34368,48176
"Ashland University","OH",2,"20000",52928,40519
"Aultman College of Nursing and Health Sciences","OH",2,"13531",63582,27792
"Baldwin Wallace University","OH",2,"24250",54122,54200
"Belmont College","OH",1,"5322",35329,10553
"Bluffton University","OH",2,"19500",49547,50579
"Bowling Green State University-Firelands","OH",1,"17500",47896,21387
"Bowling Green State University-Main Campus","OH",1,"17500",47896,29238
"Bryant & Stratton College-Parma","OH",2,"9500",32568,23695
"Capital University","OH",2,"20927",54143,54086
"Case Western Reserve University","OH",2,"21488",87989,81533
"Cedarville University","OH",2,"17500",55443,46994
"Central Ohio Technical College","OH",1,"6644",39168,14344
"Central State University","OH",1,"13740",33267,22435
"Choffin Career  and Technical Center","OH",1,"5500",34654,19673
"The Christ College of Nursing and Health Sciences","OH",2,"19500",68303,28126
"University of Cincinnati-Main Campus","OH",1,"12000",54810,28783
"Cincinnati State Technical and Community College","OH",1,"7966",40137,13830
"University of Cincinnati-Clermont College","OH",1,"12000",54810,14280
"University of Cincinnati-Blue Ash College","OH",1,"12000",54810,13881
"Ohio Christian University","OH",2,"21250",39813,33472
"Clark State College","OH",1,"6899",39584,13395
"Cleveland Institute of Art","OH",2,"26500",42509,62966
"Cleveland Institute of Music","OH",2,"18500",32641,58843
"Cleveland State University","OH",1,"15333",52131,26310
"Columbus College of Art & Design","OH",2,"20500",40664,52581
"Columbus State Community College","OH",1,"5993",39435,11788
"Cuyahoga Community College District","OH",1,"4724",35654,11098
"Davis College","OH",3,"11996",31588,28901
"University of Dayton","OH",2,"19500",75537,64310
"Defiance College","OH",2,"11000",49351,49447
"Denison University","OH",2,"21250",67753,76900
"Edison State Community College","OH",1,"9278",41360,14142
"The University of Findlay","OH",2,"19500",56996,52096
"Franklin University","OH",2,"14238",51892,29433
"Gods Bible School and College","OH",2,"5500",37722,16574
"Good Samaritan College of Nursing and Health Science","OH",2,"16013",66111,26345
"Heidelberg University","OH",2,"20500",48466,46640
"Hiram College","OH",2,"19500",54311,38952
"Hocking College","OH",1,"6701",37791,17575
"International College of Broadcasting","OH",3,"17234",30855,24177
"Eastern Gateway Community College","OH",1,"3500",34127,8388
"John Carroll University","OH",2,"21500",62860,62943
"Hondros College of Nursing","OH",3,"12004",58636,34050
"Kent State University at Ashtabula","OH",1,"17500",45388,15897
"Kent State University at East Liverpool","OH",1,"17500",45388,15070
"Kent State University at Stark","OH",1,"17500",45388,15418
"Kent State University at Trumbull","OH",1,"17500",45388,16159
"Kent State University at Tuscarawas","OH",1,"17500",45388,16391
"Kent State University at Salem","OH",1,"17500",45388,15357
"Kent State University at Kent","OH",1,"17500",45388,29345
"Kent State University at Geauga","OH",1,"17500",45388,15225
"Kenyon College","OH",2,"15000",71830,83800
"Kettering College","OH",2,"19456",67492,26365
"Lake Erie College","OH",2,"13875",50417,48278
"Lakeland Community College","OH",1,"7780",39612,11495
"James A. Rhodes State College","OH",1,"7759",41855,13569
"Ohio Business College-Sheffield","OH",3,"10000",30389,26223
"Ohio Business College-Sandusky","OH",3,"10000",30389,34459
"Lorain County Community College","OH",1,"8917",38837,9915
"Lourdes University","OH",2,"19000",48150,42796
"Malone University","OH",2,"20515",48909,48017
"Marietta College","OH",2,"12000",57180,52360
"Marion Technical College","OH",1,"5500",41495,11796
"Mercy College of Ohio","OH",2,"15084",65409,26491
"Miami University-Hamilton","OH",1,"16000",55076,16692
"Miami University-Middletown","OH",1,"16000",55076,16559
"Miami University-Oxford","OH",1,"16000",55076,37218
"Mount Carmel College of Nursing","OH",2,"21000",75103,19807
"University of Mount Union","OH",2,"20500",53217,46890
"Mount Vernon Nazarene University","OH",2,"19565",49555,48975
"Mount St. Joseph University","OH",2,"18837",51509,43932
"Zane State College","OH",1,"3995",35006,12790
"Muskingum University","OH",2,"16750",48440,44615
"North Central State College","OH",1,"4500",38158,9278
"Northwest State Community College","OH",1,"5500",40004,17668
"Notre Dame College","OH",2,"15750",49737,46641
"University of Northwestern Ohio","OH",2,"12000",50968,24568
"Oberlin College","OH",2,"19500",58343,84230
"Ohio Dominican University","OH",2,"16557",51748,45660
"Ohio Northern University","OH",2,"24250",80928,52484
"Ohio State University Agricultural Technical Institute","OH",1,"14500",60409,22942
"Ohio State University-Lima Campus","OH",1,"14500",60409,18404
"Ohio State University-Mansfield Campus","OH",1,"14500",60409,22206
"Ohio State University-Marion Campus","OH",1,"14500",60409,18369
"Ohio State University-Newark Campus","OH",1,"14500",60409,20875
"Ohio State University-Main Campus","OH",1,"14500",60409,29320
"Ohio University-Eastern Campus","OH",1,"15332",52581,10263
"Ohio University-Chillicothe Campus","OH",1,"15332",52581,10876
"Ohio University-Southern Campus","OH",1,"15332",52581,10397
"Ohio University-Lancaster Campus","OH",1,"15332",52581,10267
"Ohio University-Main Campus","OH",1,"15332",52581,28529
"Ohio University-Zanesville Campus","OH",1,"15332",52581,10960
"East Ohio College","OH",3,"10583",29342,22939
"Trinity Health System School of Nursing","OH",2,"11625",71660,15377
"Ohio Wesleyan University","OH",2,"21500",55624,66399
"Otterbein University","OH",2,"20500",53313,47865
"Owens Community College","OH",1,"8731",37275,14019
"Professional Skills Institute","OH",3,"12667",47765,25499
"Fortis College-Centerville","OH",3,"12949",34726,31120
"University of Rio Grande","OH",2,"11750",41478,33032
"The Modern College of Design","OH",3,"12000",42187,45336
"Shawnee State University","OH",1,"12885",39596,22190
"Sinclair Community College","OH",1,"5500",37558,10381
"Stark State College","OH",1,"6886",34661,11165
"Stautzenberger College-Maumee","OH",3,"13127",34104,25129
"Franciscan University of Steubenville","OH",2,"18590",50030,42955
"Southern State Community College","OH",1,"7433",35463,15715
"Terra State Community College","OH",1,"8557",36612,16522
"Tiffin University","OH",2,"15795",35942,45150
"University of Toledo","OH",1,"14750",50632,26190
"Ursuline College","OH",2,"21938",56878,49537
"Walsh University","OH",2,"20000",59764,45817
"Washington State College of Ohio","OH",1,"6750",37988,13539
"Wilberforce University","OH",2,"12000",38298,23450
"Wilmington College","OH",2,"14782",48491,41751
"Wittenberg University","OH",2,"23252",54947,56353
"The College of Wooster","OH",2,"21115",59629,73075
"Wright State University-Main Campus","OH",1,"15854",49500,23255
"Wright State University-Lake Campus","OH",1,"15854",49500,17116
"Xavier University","OH",2,"18750",64873,62293
"Youngstown State University","OH",1,"15750",41544,20028
"Bacone College","OK",2,"12832",40006,30407
"Oklahoma Wesleyan University","OK",2,"16679",59841,43617
"Southern Nazarene University","OK",2,"17337",54951,41972
"Cameron University","OK",1,"11000",40118,18742
"Carl Albert State College","OK",1,"6496",34117,14477
"University of Central Oklahoma","OK",1,"13000",48351,25913
"Connors State College","OK",1,"8500",38469,18630
"East Central University","OK",1,"11250",44962,17559
"Eastern Oklahoma State College","OK",1,"8750",38658,18166
"Redlands Community College","OK",1,"5500",37224,15366
"Randall University","OK",2,"13250",42051,28287
"Langston University","OK",1,"11664",33261,21012
"Murray State College","OK",1,"8886",36545,22189
"Spartan College of Aeronautics and Technology","OK",3,"14726",49944,37463
"Northeastern State University","OK",1,"12000",45379,19274
"Northern Oklahoma College","OK",1,"7375",37566,14956
"Northeastern Oklahoma A&M College","OK",1,"7277",38337,18065
"Northwestern Oklahoma State University","OK",1,"11000",44358,20993
"Oklahoma Christian University","OK",2,"18500",49203,38029
"Oklahoma Panhandle State University","OK",1,"7500",44933,14356
"Oklahoma State University-Main Campus","OK",1,"15500",57413,25915
"Oklahoma State University-Oklahoma City","OK",1,"8989",41307,12096
"Oklahoma Baptist University","OK",2,"15363",48434,46950
"Oklahoma City Community College","OK",1,"5668",38146,11439
"Oklahoma City University","OK",2,"15250",54655,46144
"University of Oklahoma-Norman Campus","OK",1,"15500",63126,28833
"Oklahoma State University Institute of Technology","OK",1,"9000",45634,16778
"Oral Roberts University","OK",2,"20250",46885,47367
"Rogers State University","OK",1,"11250",43166,21023
"Rose State College","OK",1,"5500",37555,17151
"University of Science and Arts of Oklahoma","OK",1,"10736",41913,21258
"Seminole State College","OK",1,"8033",35390,22868
"Southeastern Oklahoma State University","OK",1,"10623",45079,17393
"Southwestern Christian University","OK",2,"13000",40391,32625
"Southwestern Oklahoma State University","OK",1,"11750",45744,22973
"Tulsa Community College","OK",1,"7933",39746,12522
"University of Tulsa","OK",2,"12500",61408,63093
"Western Oklahoma State College","OK",1,"5500",38248,16367
"Blue Mountain Community College","OR",1,"8961",38375,18425
"Central Oregon Community College","OR",1,"8000",38940,17222
"Chemeketa Community College","OR",1,"7408",40968,15427
"Clackamas Community College","OR",1,"6973",42886,10725
"Clatsop Community College","OR",1,"9500",39477,20922
"Eastern Oregon University","OR",1,"13500",50112,24602
"New Hope Christian College-Eugene","OR",2,"18500",31115,27333
"George Fox University","OR",2,"19500",59761,55456
"Lane Community College","OR",1,"6450",38075,17149
"Lewis & Clark College","OR",2,"13644",62205,76690
"Linfield University","OR",2,"20500",78638,63825
"Linn-Benton Community College","OR",1,"6500",41363,17864
"Mt Hood Community College","OR",1,"7339",41125,14032
"Multnomah University","OR",2,"14394",47939,41851
"Bushnell University","OR",2,"15633",53623,45535
"Oregon Institute of Technology","OR",1,"15625",72273,26675
"Oregon State University","OR",1,"15000",64010,29926
"University of Oregon","OR",1,"15000",61324,32636
"Pacific Northwest College of Art","OR",2,"10500",34883,67040
"Pacific University","OR",2,"17036",60583,69330
"Portland Community College","OR",1,"7287",44592,17271
"Portland State University","OR",1,"15457",57906,22449
"University of Portland","OR",2,"18500",82804,69183
"Reed College","OR",2,"15750",62927,83310
"Rogue Community College","OR",1,"10247",36845,15685
"Southern Oregon University","OR",1,"15000",49175,25950
"Southwestern Oregon Community College","OR",1,"8303",38349,16303
"Treasure Valley Community College","OR",1,"9200",36738,13643
"Umpqua Community College","OR",1,"5095",36676,17613
"Warner Pacific University","OR",2,"20250",55204,32975
"Corban University","OR",2,"17951",48917,50556
"Willamette University","OR",2,"18913",56911,62112
"Western Oregon University","OR",1,"15000",51815,23975
"Bryn Athyn College of the New Church","PA",2,"13500",40457,39685
"Albright College","PA",2,"23250",58700,44381
"Community College of Allegheny County","PA",1,"7132",39449,13905
"Allegheny College","PA",2,"25017",62069,70614
"DeSales University","PA",2,"20000",61295,59409
"Alvernia University","PA",2,"20500",55055,54650
"Clarks Summit University","PA",2,"14500",38818,41062
"Community College of Beaver County","PA",1,"9500",45090,11329
"Arcadia University","PA",2,"21852",58336,61240
"Bryn Mawr College","PA",2,"21441",75217,79380
"Bucknell University","PA",2,"23250",93807,79956
"Bucks County Community College","PA",1,"8250",47324,12901
"Butler County Community College","PA",1,"5500",38891,11152
"Cabrini University","PA",2,"19500",59038,49764
"Carlow University","PA",2,"21513",51051,46864
"Carnegie Mellon University","PA",2,"20250",114862,80514
"Cedar Crest College","PA",2,"23044",59460,56240
"Central Penn College","PA",3,"13035",45370,28251
"Chatham University","PA",2,"18326",52410,56981
"Chestnut Hill College","PA",2,"20782",52015,57980
"Cheyney University of Pennsylvania","PA",1,"13000",37837,24881
"Delaware County Community College","PA",1,"8176",45391,12957
"Delaware Valley University","PA",2,"17500",55838,58661
"Dickinson College","PA",2,"17294",70204,80329
"Douglas Education Center","PA",3,"12000",30814,32224
"Drexel University","PA",2,"20204",84648,75167
"Duquesne University","PA",2,"23500",74742,63042
"East Stroudsburg University of Pennsylvania","PA",1,"16750",56148,24369
"Eastern University","PA",2,"18000",51655,53293
"Elizabethtown College","PA",2,"26000",62399,49318
"Erie Institute of Technology Inc","PA",3,"8835",41951,25406
"Franklin and Marshall College","PA",2,"19000",76124,83184
"Gannon University","PA",2,"23031",58845,51236
"Geneva College","PA",2,"18907",50004,43064
"Gettysburg College","PA",2,"23250",71517,80400
"Gwynedd Mercy University","PA",2,"23256",67145,53359
"Harcum College","PA",2,"12000",46827,42113
"Harrisburg Area Community College","PA",1,"9500",42007,16636
"Haverford College","PA",2,"12000",79966,84605
"Commonwealth Technical Institute","PA",2,"PS",21632,20826
"Holy Family University","PA",2,"21175",62235,38965
"Immaculata University","PA",2,"19560",75701,45416
"Indiana University of Pennsylvania-Main Campus","PA",1,"19995",51019,26405
"UPMC Jameson School of Nursing","PA",2,"9500",70472,28667
"Johnson College","PA",2,"12000",55194,24902
"Juniata College","PA",2,"23858",56918,69241
"Keystone College","PA",2,"16250",44976,31742
"King's College","PA",2,"22847",59498,56991
"Kutztown University of Pennsylvania","PA",1,"20000",53775,28876
"La Roche University","PA",2,"19470",52341,45623
"La Salle University","PA",2,"17500",67416,45046
"Lackawanna College","PA",2,"11500",41000,28849
"Lafayette College","PA",2,"14000",91410,78854
"Lancaster Bible College","PA",2,"15000",44096,40813
"Lansdale School of Business","PA",3,"9833",37442,28997
"Lebanon Valley College","PA",2,"21000",62621,63990
"Lehigh Carbon Community College","PA",1,"6000",42436,15075
"Lehigh University","PA",2,"19500",105584,77515
"Lincoln University","PA",1,"22862",43167,27358
"UPMC St. Margaret School of Nursing","PA",2,"12000",67327,25446
"Luzerne County Community College","PA",1,"5500",40437,14995
"Lycoming College","PA",2,"23500",56210,61526
"Manor College","PA",2,"11250",46825,27178
"Marywood University","PA",2,"23235",55817,52673
"Vet Tech Institute","PA",3,"12292",34583,23551
"Mercyhurst University","PA",2,"19500",47452,57948
"Messiah University","PA",2,"21911",54064,53939
"ASPIRA City College","PA",2,"PS",34857,25145
"Millersville University of Pennsylvania","PA",1,"17220",55246,27086
"Misericordia University","PA",2,"24854",64313,51023
"Montgomery County Community College","PA",1,"7250",46108,14571
"Moore College of Art and Design","PA",2,"20500",37839,68583
"Moravian University","PA",2,"22000",61860,64260
"Mount Aloysius College","PA",2,"16980",46165,38533
"Muhlenberg College","PA",2,"22000",69107,73782
"Neumann University","PA",2,"19630",57817,56670
"Northampton County Area Community College","PA",1,"9500",41566,16211
"Pennsylvania Institute of Technology","PA",2,"6334",35703,22163
"Pennsylvania State University-Penn State Erie-Behrend College","PA",1,"19500",63435,32038
"Pennsylvania State University-Penn State New Kensington","PA",1,"19500",63435,27036
"Pennsylvania State University-Penn State Shenango","PA",1,"19500",63435,26545
"Pennsylvania State University-Penn State Wilkes-Barre","PA",1,"19500",63435,24604
"Pennsylvania State University-Penn State Scranton","PA",1,"19500",63435,27126
"Pennsylvania State University-Penn State Lehigh Valley","PA",1,"19500",63435,26918
"Pennsylvania State University-Penn State Altoona","PA",1,"19500",63435,31725
"Pennsylvania State University-Penn State Beaver","PA",1,"19500",63435,27587
"Pennsylvania State University-Penn State Berks","PA",1,"19500",63435,31853
"Pennsylvania State University-Penn State Harrisburg","PA",1,"19500",63435,32029
"Pennsylvania State University-Penn State Brandywine","PA",1,"19500",63435,30201
"Pennsylvania State University-Penn State DuBois","PA",1,"19500",63435,28775
"Pennsylvania State University-Penn State Fayette- Eberly","PA",1,"19500",63435,26727
"Pennsylvania State University-Penn State Hazleton","PA",1,"19500",63435,29977
"Pennsylvania State University-Main Campus","PA",1,"19500",63435,39160
"Pennsylvania State University-Penn State Greater Allegheny","PA",1,"19500",63435,26295
"Pennsylvania State University-Penn State Mont Alto","PA",1,"19500",63435,28851
"Pennsylvania State University-Penn State Abington","PA",1,"19500",63435,27516
"Pennsylvania State University-Penn State Schuylkill","PA",1,"19500",63435,29057
"Pennsylvania State University-Penn State York","PA",1,"19500",63435,26812
"Peirce College","PA",2,"21875",50660,18260
"Penn Commercial Business/Technical School","PA",3,"8904",31736,22653
"Pennsylvania Academy of the Fine Arts","PA",2,"19500",29881,64035
"Pennsylvania College of Art and Design","PA",2,"23980",33301,41394
"University of Pennsylvania","PA",2,"14000",111371,85738
"University of the Arts","PA",2,"23250",38252,70834
"Cairn University-Langhorne","PA",2,"17063",44172,45473
"Community College of Philadelphia","PA",1,"5500",40852,19070
"University of Pittsburgh-Bradford","PA",1,"20500",66125,29488
"University of Pittsburgh-Greensburg","PA",1,"20500",66125,28514
"University of Pittsburgh-Johnstown","PA",1,"20500",66125,28501
"University of Pittsburgh-Pittsburgh Campus","PA",1,"20500",66125,36707
"University of Pittsburgh-Titusville","PA",1,"20500",66125,24265
"Pittsburgh Institute of Aeronautics","PA",2,"12000",66642,35447
"Pittsburgh Technical College","PA",2,"13166",40770,33969
"Point Park University","PA",2,"20957",45856,50133
"Reading Area Community College","PA",1,"8250",39082,14368
"Reading Hospital School of Health Sciences","PA",2,"17250",74572,22775
"Walnut Hill College","PA",3,"12000",36689,35489
"Robert Morris University","PA",2,"23250",62105,51075
"Rosedale Technical College","PA",2,"12000",47880,28485
"Rosemont College","PA",2,"27000",48555,36860
"Saint Francis University","PA",2,"27000",62101,57515
"Saint Joseph's University - Philadelphia","PA",2,"21500",86881,65513
"Saint Vincent College","PA",2,"23250",59982,55082
"University of Scranton","PA",2,"25500",74652,67795
"Seton Hill University","PA",2,"23000",51748,54634
"UPMC Shadyside School of Nursing","PA",2,"12000",68801,26534
"Laurel Technical Institute","PA",3,"9080",28311,15122
"Shippensburg University of Pennsylvania","PA",1,"16192",56351,29480
"Slippery Rock University of Pennsylvania","PA",1,"19500",53032,24781
"Saint Charles Borromeo Seminary-Overbrook","PA",2,"13000",55225,44853
"South Hills School of Business & Technology","PA",3,"12000",35539,32080
"Susquehanna University","PA",2,"27000",61723,72563
"Swarthmore College","PA",2,"13000",80257,80014
"Thaddeus Stevens College of Technology","PA",1,"6625",54681,17066
"Temple University","PA",1,"19750",63727,39799
"Thiel College","PA",2,"18250",49714,51346
"Thomas Jefferson University","PA",2,"12500",77449,62110
"Triangle Tech Inc-Pittsburgh","PA",3,"12000",51953,27803
"Triangle Tech Inc-Greensburg","PA",3,"12000",53788,27387
"Triangle Tech Inc-Dubois","PA",3,"12000",45538,27266
"Ursinus College","PA",2,"26000",73721,75378
"University of Valley Forge","PA",2,"20166",39016,43134
"Valley Forge Military College","PA",2,"9500",50798,51175
"Villanova University","PA",2,"25000",100423,80866
"Washington & Jefferson College","PA",2,"26000",67918,65117
"Waynesburg University","PA",2,"21500",58537,42526
"West Chester University of Pennsylvania","PA",1,"18750",61258,27559
"Western Pennsylvania Hospital School of Nursing","PA",2,"12000",56487,25326
"Westminster College","PA",2,"22825",53861,51808
"Westmoreland County Community College","PA",1,"8977",37439,10592
"Widener University","PA",2,"24567",70920,68305
"Wilkes University","PA",2,"20500",63454,56956
"Wilson College","PA",2,"19500",43326,38932
"York College of Pennsylvania","PA",2,"19500",61012,35806
"Brown University","RI",2,"10000",93487,84986
"Bryant University","RI",2,"23250",90008,67926
"Johnson & Wales University-Providence","RI",2,"16334",43418,58330
"New England Institute of Technology","RI",2,"12000",48684,48445
"Providence College","RI",2,"27000",87054,76667
"Rhode Island College","RI",1,"13833",56318,18490
"Community College of Rhode Island","RI",1,"5567",42659,11358
"University of Rhode Island","RI",1,"17750",69743,32584
"Rhode Island School of Design","RI",2,"23250",68140,78857
"Roger Williams University","RI",2,"19500",70266,60180
"Salve Regina University","RI",2,"27000",72975,67612
"Northpoint Bible College","MA",2,"16657",42210,34411
"Aiken Technical College","SC",1,"7110",39225,12798
"Allen University","SC",2,"12000",30497,24804
"Anderson University","SC",2,"22000",42101,47724
"Charleston Southern University","SC",2,"18250",45898,43989
"Technical College of the Lowcountry","SC",1,"6431",35090,15086
"Benedict College","SC",2,"16000",31902,29921
"Bob Jones University","SC",2,"12453",44354,34770
"Southern Wesleyan University","SC",2,"19500",47756,38739
"College of Charleston","SC",1,"17500",56416,30731
"Northeastern Technical College","SC",1,"PS",32141,15290
"Citadel Military College of South Carolina","SC",1,"18000",72085,31943
"Claflin University","SC",2,"22049",40304,33538
"Clemson University","SC",1,"19000",71513,34494
"Clinton College","SC",2,"12000",30180,23222
"Coker University","SC",2,"15000",40117,44355
"Columbia International University","SC",2,"10500",38951,40183
"Columbia College","SC",2,"14750",41338,37840
"Converse University","SC",2,"22500",40867,35669
"Denmark Technical College","SC",1,"6750",25351,25892
"Erskine College","SC",2,"9500",53459,54484
"Florence-Darlington Technical College","SC",1,"6750",32748,10497
"Francis Marion University","SC",1,"15617",43888,22944
"Furman University","SC",2,"19500",68635,73760
"Greenville Technical College","SC",1,"8604",39473,13925
"Horry-Georgetown Technical College","SC",1,"8250",35507,12391
"Lander University","SC",1,"12503",42396,26069
"Limestone University","SC",2,"18750",44999,40944
"Midlands Technical College","SC",1,"6750",38701,12709
"Morris College","SC",2,"14750",30614,29585
"Newberry College","SC",2,"15750",48040,44240
"North Greenville University","SC",2,"15000",43035,40599
"Orangeburg Calhoun Technical College","SC",1,"7000",35761,14964
"Piedmont Technical College","SC",1,"9500",35768,20438
"Presbyterian College","SC",2,"13000",60194,57271
"University of South Carolina Aiken","SC",1,"13000",45603,20922
"University of South Carolina Beaufort","SC",1,"13750",48088,23796
"University of South Carolina-Columbia","SC",1,"18500",62177,32840
"University of South Carolina-Lancaster","SC",1,"5500",39426,18467
"University of South Carolina-Salkehatchie","SC",1,"6500",31360,20402
"University of South Carolina-Sumter","SC",1,"5500",42437,18335
"University of South Carolina-Union","SC",1,"5500",33699,19480
"Coastal Carolina University","SC",1,"16979",47258,26050
"South Carolina State University","SC",1,"20900",38262,29957
"University of South Carolina-Upstate","SC",1,"15000",48587,24565
"Spartanburg Methodist College","SC",2,"7500",42895,32965
"Spartanburg Community College","SC",1,"5143",37097,15031
"Central Carolina Technical College","SC",1,"6821",32603,13295
"Tri-County Technical College","SC",1,"5500",40101,16879
"Trident Technical College","SC",1,"6500",38253,11453
"Voorhees University","SC",2,"15245",35339,25793
"Williamsburg Technical College","SC",1,"PS",29935,14074
"Winthrop University","SC",1,"19000",47185,30275
"Wofford College","SC",2,"20500",68964,69601
"York Technical College","SC",1,"5136",37257,15399
"Augustana University","SD",2,"21250",59217,53169
"Black Hills State University","SD",1,"15000",46674,21343
"Dakota State University","SD",1,"14250",50970,24447
"Dakota Wesleyan University","SD",2,"19500",53728,42473
"Lake Area Technical College","SD",1,"9888",45473,18239
"Mitchell Technical College","SD",1,"8403",50743,16241
"Mount Marty University","SD",2,"14750",48179,45209
"National American University-Rapid City","SD",3,"20120",37325,29232
"Northern State University","SD",1,"15750",47618,22223
"Oglala Lakota College","SD",1,"PS",22517,9841
"South Dakota School of Mines and Technology","SD",1,"17306",72257,24865
"South Dakota State University","SD",1,"16246",55070,22761
"Sinte Gleska University","SD",1,"PS",20948,15533
"University of Sioux Falls","SD",2,"16141",54521,32728
"Sisseton Wahpeton College","SD",1,"PS",31546,9887
"Southeast Technical College","SD",1,"9500",46709,20880
"University of South Dakota","SD",1,"17500",51926,23544
"Western Dakota Technical College","SD",1,"9500",40240,20885
"American Baptist College","TN",2,"19000",41216,27241
"Austin Peay State University","TN",1,"13202",44301,26790
"Baptist Health Sciences University","TN",2,"16170",72529,21438
"Belmont University","TN",2,"17500",55930,60480
"Bethel University","TN",2,"16750",47482,32270
"Bryan College-Dayton","TN",2,"13000",54434,29541
"Carson-Newman University","TN",2,"14519",48382,46345
"Chattanooga State Community College","TN",1,"7249",37598,13214
"Christian Brothers University","TN",2,"17589",57478,45919
"Cleveland State Community College","TN",1,"5481",36671,14003
"Columbia State Community College","TN",1,"5500",40256,12668
"Cumberland University","TN",2,"11250",57687,41657
"Lipscomb University","TN",2,"15350",55541,53549
"Dyersburg State Community College","TN",1,"4475",36132,13028
"East Tennessee State University","TN",1,"14400",44859,25947
"Chattanooga College Medical Dental and & Technical Careers","TN",3,"5457",25954,34726
"Fisk University","TN",2,"14250",45454,37653
"Welch College","TN",2,"11375",42198,35131
"Freed-Hardeman University","TN",2,"16750",47485,36972
"Jackson State Community College","TN",1,"PS",35224,15304
"John A Gupton College","TN",2,"5999",46902,29705
"Johnson University","TN",2,"13500",40596,30424
"King University","TN",2,"18000",59831,47469
"South College","TN",3,"9500",36642,30181
"Lane College","TN",2,"16750",31670,23608
"Le Moyne-Owen College","TN",2,"17000",35594,19270
"Lee University","TN",2,"19500",43222,34299
"Lincoln Memorial University","TN",2,"15337",49956,39096
"The University of Tennessee Southern","TN",1,"11175",38924,25827
"Maryville College","TN",2,"15000",49279,53162
"University of Memphis","TN",1,"15809",48458,25164
"Middle Tennessee State University","TN",1,"14093",48541,22754
"Motlow State Community College","TN",1,"3000",40397,18272
"Nashville State Community College","TN",1,"6500",38519,13214
"Rhodes College","TN",2,"19349",66651,68055
"Roane State Community College","TN",1,"6426",39407,11021
"Southwest Tennessee Community College","TN",1,"PS",34071,12649
"The University of the South","TN",2,"17750",64911,68704
"Pellissippi State Community College","TN",1,"5500",38440,13280
"Southern Adventist University","TN",2,"18000",53723,37875
"Tennessee Wesleyan University","TN",2,"14000",45989,36828
"The University of Tennessee-Chattanooga","TN",1,"12000",51151,23563
"The University of Tennessee-Knoxville","TN",1,"16000",60249,32658
"The University of Tennessee-Martin","TN",1,"12981",44213,21628
"Tennessee State University","TN",1,"17500",42730,23828
"Tennessee Technological University","TN",1,"11000",48501,25338
"Trevecca Nazarene University","TN",2,"14750",49378,38726
"Northeast State Community College","TN",1,"3500",34553,14129
"Tusculum University","TN",2,"14250",44367,43172
"Union University","TN",2,"16666",53990,55790
"Vanderbilt University","TN",2,"12913",91565,84412
"Volunteer State Community College","TN",1,"4727",41150,16077
"Walters State Community College","TN",1,"3277",37085,12827
"William R Moore College of Technology","TN",2,"PS",32194,21697
"Abilene Christian University","TX",2,"14750",55736,56121
"Alvin Community College","TX",1,"3500",45762,11329
"Amarillo College","TX",1,"9500",41302,11411
"Angelina College","TX",1,"PS",37301,15213
"Angelo State University","TX",1,"12394",50116,21625
"Arlington Baptist University","TX",2,"9500",44644,32374
"Austin College","TX",2,"17500",61296,59654
"Austin Community College District","TX",1,"6126",43177,11156
"Baylor University","TX",2,"19500",65793,70130
"Coastal Bend College","TX",1,"7445",35086,11044
"Blinn College District","TX",1,"5500",46318,19233
"Remington College-Dallas Campus","TX",2,"9500",31349,34438
"Vet Tech Institute of Houston","TX",3,"12000",35765,19784
"Brazosport College","TX",1,"4250",45910,8423
"Central Texas College","TX",1,"5250",40995,11792
"Cisco College","TX",1,"6500",39092,16346
"Clarendon College","TX",1,"5500",38696,15253
"Concordia University Texas","TX",2,"15134",60883,52098
"North Central Texas College","TX",1,"6020",45809,10212
"Texas A & M University-Corpus Christi","TX",1,"15273",51865,24562
"Dallas Baptist University","TX",2,"16000",56807,49343
"Dallas Christian College","TX",2,"15000",43503,32916
"Dallas Institute of Funeral Service","TX",2,"7664",45866,21593
"University of Dallas","TX",2,"18478",58285,64752
"Del Mar College","TX",1,"3500",38656,12022
"East Texas Baptist University","TX",2,"15030",52788,41833
"Texas A&M University-Texarkana","TX",1,"12500",45515,22143
"East Texas A&M University","TX",1,"14250",50296,23663
"Dallas College","TX",1,"5500",41714,9641
"El Paso Community College","TX",1,"5231",35212,12741
"Frank Phillips College","TX",1,"5500",37179,14727
"Galveston College","TX",1,"7250",37233,14555
"Grayson College","TX",1,"7500",40873,12290
"Hardin-Simmons University","TX",2,"13359",54771,45059
"Trinity Valley Community College","TX",1,"6707",38567,13707
"Hill College","TX",1,"8088",39572,13230
"Houston Christian University","TX",2,"11000",55933,47605
"University of Houston-Clear Lake","TX",1,"13548",59004,23788
"Houston Community College","TX",1,"8752",39254,12065
"University of Houston-Downtown","TX",1,"13750",53551,23017
"University of Houston-Victoria","TX",1,"13565",54467,21179
"University of Houston","TX",1,"14000",62377,25056
"Howard College","TX",1,"6250",38382,14227
"Howard Payne University","TX",2,"11892",48376,44579
"Huston-Tillotson University","TX",2,"15999",42937,25336
"University of the Incarnate Word","TX",2,"21231",56733,45850
"Jacksonville College-Main Campus","TX",2,"3500",38885,18510
"Jarvis Christian University","TX",2,"12000",32992,25054
"KD Conservatory College of Film and Dramatic Arts","TX",3,"12000",30187,28717
"Kilgore College","TX",1,"9500",37975,14924
"Lamar University","TX",1,"12500",49652,21626
"Lamar State College-Orange","TX",1,"8125",36587,7609
"Lamar State College-Port Arthur","TX",1,"7125",37120,11281
"Laredo College","TX",1,"2334",33934,11323
"Texas A & M International University","TX",1,"11000",48386,14767
"Lee College","TX",1,"5813",42178,12050
"LeTourneau University","TX",2,"19000",57103,48206
"Lubbock Christian University","TX",2,"15750",53787,40493
"College of the Mainland","TX",1,"5156",39639,8014
"University of Mary Hardin-Baylor","TX",2,"15750",56132,45235
"McLennan Community College","TX",1,"6136",39163,13382
"McMurry University","TX",2,"19000",48779,43087
"Midland College","TX",1,"6300",43958,12519
"Midwestern State University","TX",1,"13051",55747,22411
"Wade College","TX",3,"14608",36657,28347
"Navarro College","TX",1,"7926",38716,17659
"Lone Star College System","TX",1,"5500",42466,14637
"University of North Texas","TX",1,"14000",57010,25470
"Northeast Texas Community College","TX",1,"9500",37870,14594
"Odessa College","TX",1,"6000",42026,12315
"Our Lady of the Lake University","TX",2,"17084",48675,42137
"The University of Texas Rio Grande Valley","TX",1,"9593",49620,18343
"Texas Southmost College","TX",1,"6125",41900,11487
"Panola College","TX",1,"6000",36072,12950
"Paris Junior College","TX",1,"4300",36515,12951
"Paul Quinn College","TX",2,"11090",29288,24912
"Prairie View A & M University","TX",1,"17500",45411,25958
"Ranger College","TX",1,"5792",35552,14685
"Aviation Institute of Maintenance-Houston","TX",3,"21413",58327,28108
"Rice University","TX",2,"9716",89718,74110
"Saint Edward's University","TX",2,"20000",58826,64975
"St Philip's College","TX",1,"7250",38224,11406
"University of St Thomas","TX",2,"12548",59224,44151
"Sam Houston State University","TX",1,"16500",54211,24517
"San Antonio College","TX",1,"6500",39711,11576
"San Jacinto Community College","TX",1,"5750",43062,14990
"Schreiner University","TX",2,"13500",52228,46294
"St. Mary's University","TX",2,"19500",56955,46368
"South Plains College","TX",1,"6724",41276,12880
"Southern Methodist University","TX",2,"15311",78354,82532
"Southwest Texas College","TX",1,"5750",35563,13579
"Nelson University","TX",2,"14750",46238,32765
"Southwestern University","TX",2,"19500",56878,63645
"Stephen F Austin State University","TX",1,"17750",49634,24231
"Texas State University","TX",1,"14993",56906,26348
"Southwestern Adventist University","TX",2,"21500",52946,35804
"Southwestern Christian College","TX",2,"PS",32672,21900
"Sul Ross State University","TX",1,"11000",41871,23759
"Tarleton State University","TX",1,"13989",53040,22981
"Tarrant County College District","TX",1,"5500",42727,11720
"Temple College","TX",1,"7991",38678,11400
"Texarkana College","TX",1,"9487",34647,13580
"Texas A&M University-Kingsville","TX",1,"15873",51450,22262
"Texas A&M University-College Station","TX",1,"15000",72097,32085
"The University of Texas at Arlington","TX",1,"11791",63199,25265
"The University of Texas at Austin","TX",1,"18909",75121,29842
"The University of Texas at Dallas","TX",1,"13750",68227,28210
"The University of Texas at El Paso","TX",1,"12573",50923,19327
"The University of Texas at Tyler","TX",1,"12500",57053,23669
"Texas Christian University","TX",2,"19000",68424,72778
"Texas College","TX",2,"19500",33752,20832
"Texas Lutheran University","TX",2,"14315",53863,47548
"The University of Texas Permian Basin","TX",1,"12285",56073,21727
"The University of Texas at San Antonio","TX",1,"15000",57131,21474
"Texas Southern University","TX",1,"16250",38924,24899
"Texas Tech University","TX",1,"15250",62454,27472
"Texas Wesleyan University","TX",2,"13992",54053,50619
"Texas Woman's University","TX",1,"14000",56544,20399
"Trinity University","TX",2,"19500",71668,65774
"Tyler Junior College","TX",1,"6500",38140,15881
"Vernon College","TX",1,"7000",40464,13676
"Victoria College","TX",1,"7256",42382,11112
"Wayland Baptist University","TX",2,"15467",51838,34762
"Weatherford College","TX",1,"6500",42397,15148
"West Texas A & M University","TX",1,"12620",50741,23383
"Western Texas College","TX",1,"5500",42508,12444
"Wharton County Junior College","TX",1,"5500",44960,10406
"Wiley University","TX",2,"16833",33159,20322
"Brigham Young University","UT",2,"8310",75790,20879
"Brigham Young University-Hawaii","HI",2,"5500",52064,22970
"Utah Tech University","UT",1,"7191",44570,19660
"Eagle Gate College-Murray","UT",3,"20000",37518,33925
"Ensign College","UT",2,"3500",50630,13892
"Snow College","UT",1,"4500",41022,12190
"Southern Utah University","UT",1,"7751",50296,19512
"Utah State University","UT",1,"9500",54022,21050
"Utah Valley University","UT",1,"8899",55486,15172
"Salt Lake Community College","UT",1,"4408",47867,12884
"University of Utah","UT",1,"14000",67170,21799
"Weber State University","UT",1,"9666",56287,16172
"Westminster University","UT",2,"18500",66215,56801
"Bennington College","VT",2,"19250",38289,82968
"Champlain College","VT",2,"19500",58386,63000
"Community College of Vermont","VT",1,"5702",36234,16717
"Goddard College","VT",2,"16750",25552,36263
"Middlebury College","VT",2,"11522",76310,82260
"Norwich University","VT",2,"17501",65575,65098
"Saint Michael's College","VT",2,"21500",61317,67174
"Sterling College","VT",2,"13625",30573,52300
"Vermont State University","VT",1,"11000",50331,30074
"University of Vermont","VT",1,"17500",62472,35116
"Advanced Technology Institute","VA",3,"12000",46342,25540
"Averett University","VA",2,"16750",51516,51456
"Blue Ridge Community College","VA",1,"6500",42644,15437
"Bluefield University","VA",2,"13000",48896,41806
"Bridgewater College","VA",2,"17500",53453,56195
"William & Mary","VA",1,"15500",73490,41118
"Regent University","VA",2,"11000",44498,30550
"Central Virginia Community College","VA",1,"5500",36627,11638
"Christopher Newport University","VA",1,"19500",60509,32242
"Bryant & Stratton College-Virginia Beach","VA",2,"9500",32568,22769
"Mountain Gateway Community College","VA",1,"6500",34293,13076
"Danville Community College","VA",1,"6100",31664,14060
"Centura College-Virginia Beach","VA",3,"10054",25930,32123
"Emory & Henry University","VA",2,"18460",47385,52311
"Eastern Mennonite University","VA",2,"16750",54869,54378
"Eastern Shore Community College","VA",1,"PS",32418,11859
"Ferrum College","VA",2,"14250",44296,54506
"George Mason University","VA",1,"15750",76343,26972
"Germanna Community College","VA",1,"5500",39644,12278
"Hampden-Sydney College","VA",2,"19500",67640,67129
"Hampton University","VA",2,"19500",59159,45968
"Hollins University","VA",2,"22925",40075,57481
"J Sargeant Reynolds Community College","VA",1,"8000",39529,11919
"James Madison University","VA",1,"17272",69954,30213
"Brightpoint Community College","VA",1,"5500",41223,11686
"Liberty University","VA",2,"15943",44813,41707
"Longwood University","VA",1,"19000",52347,32870
"Laurel Ridge Community College","VA",1,"5982",41000,11552
"University of Lynchburg","VA",2,"22500",56380,48300
"Centra College","VA",2,"12000",60122,31771
"Mary Baldwin University","VA",2,"12250",44427,44435
"University of Mary Washington","VA",1,"16250",60613,29234
"Marymount University","VA",2,"20000",67516,55748
"Mountain Empire Community College","VA",1,"PS",32622,14516
"American National University","VA",3,"7567",26370,24065
"New River Community College","VA",1,"5998",40025,13477
"Tidewater Tech-Trades","VA",3,"9500",31657,29882
"Norfolk State University","VA",1,"17277",44666,26093
"Northern Virginia Community College","VA",1,"7000",53557,15821
"Old Dominion University","VA",1,"16300",54914,27180
"Patrick & Henry Community College","VA",1,"PS",33323,11242
"Paul D Camp Community College","VA",1,"5500",36031,11678
"Piedmont Virginia Community College","VA",1,"5500",40752,12435
"Radford University","VA",1,"17500",53739,26681
"Randolph-Macon College","VA",2,"22500",58448,61174
"Randolph College","VA",2,"17455",53409,43838
"Rappahannock Community College","VA",1,"PS",36121,12149
"Fortis College-Norfolk","VA",3,"9396",32754,35941
"Richard Bland College","VA",1,"5750",41452,19405
"University of Richmond","VA",2,"19000",76178,77290
"Riverside College of Health Careers","VA",2,"14250",66072,29743
"Roanoke College","VA",2,"22313",58047,54059
"Shenandoah University","VA",2,"19500",58433,50500
"Southern Virginia University","VA",2,"14250",50002,33066
"Southside Virginia Community College","VA",1,"PS",32371,13401
"Southwest Virginia Community College","VA",1,"PS",34221,15885
"Sweet Briar College","VA",2,"21000",51943,41832
"Virginia Peninsula Community College","VA",1,"7130",37996,12945
"Tidewater Community College","VA",1,"5810",38349,15291
"University of Virginia's College at Wise","VA",1,"10695",45325,24315
"Virginia Highlands Community College","VA",1,"PS",32681,11985
"Virginia Polytechnic Institute and State University","VA",1,"19000",81698,32040
"Virginia Western Community College","VA",1,"7200",38787,11892
"Virginia Commonwealth University","VA",1,"17021",58128,34346
"University of Virginia-Main Campus","VA",1,"15153",86863,38132
"Virginia Military Institute","VA",1,"19000",77369,33738
"Virginia University of Lynchburg","VA",2,"9859",28396,25548
"Virginia State University","VA",1,"17500",45543,24173
"Virginia Union University","VA",2,"22500",38275,34960
"Virginia Wesleyan University","VA",2,"14000",50074,51192
"Washington and Lee University","VA",2,"16617",94810,82990
"Wytheville Community College","VA",1,"6000",34303,11952
"Bellevue College","WA",1,"8282",56310,19798
"Bellingham Technical College","WA",1,"9500",49748,14885
"Big Bend Community College","WA",1,"6832",43814,19691
"Central Washington University","WA",1,"13000",61580,25148
"Centralia College","WA",1,"PS",43140,17550
"City University of Seattle","WA",2,"14091",69460,35049
"Clark College","WA",1,"6666",42356,17485
"Clover Park Technical College","WA",1,"9063",41787,13974
"Columbia Basin College","WA",1,"7506",46680,17357
"Cornish College of the Arts","WA",2,"20610",33696,55150
"Eastern Washington University","WA",1,"14053",57897,22772
"Edmonds College","WA",1,"7442",48144,20380
"Everett Community College","WA",1,"6148",45434,19569
"The Evergreen State College","WA",1,"15000",45320,25934
"Pierce College District","WA",1,"8532",47532,17048
"Gonzaga University","WA",2,"20500",78892,69290
"Grays Harbor College","WA",1,"7665",40865,13677
"Green River College","WA",1,"7125",50712,20074
"Heritage University","WA",2,"11925",49416,29632
"Highline College","WA",1,"6113",47869,19642
"Bates Technical College","WA",1,"5563",50051,15805
"Lake Washington Institute of Technology","WA",1,"10356",50669,15351
"Lower Columbia College","WA",1,"6487",40691,16748
"North Seattle College","WA",1,"7000",47728,16377
"Northwest University","WA",2,"15000",54914,48442
"Olympic College","WA",1,"8000",43169,15380
"Pacific Lutheran University","WA",2,"17074",66990,62921
"Peninsula College","WA",1,"9000",37078,13974
"University of Puget Sound","WA",2,"19250",69594,75509
"Renton Technical College","WA",1,"6993",49782,15067
"Saint Martin's University","WA",2,"15625",62092,56353
"South Seattle College","WA",1,"5478",44486,15497
"Seattle Central College","WA",1,"8943",43307,15104
"Seattle Pacific University","WA",2,"16946",64506,53986
"Seattle University","WA",2,"16658",75272,68633
"Shoreline Community College","WA",1,"7123",52009,18499
"Skagit Valley College","WA",1,"8798",43505,14326
"South Puget Sound Community College","WA",1,"6334",45039,17864
"Spokane Community College","WA",1,"8625",41984,14083
"Spokane Falls Community College","WA",1,"7645",38955,14536
"Tacoma Community College","WA",1,"7718",47168,16197
"Walla Walla Community College","WA",1,"9500",43526,17580
"Walla Walla University","WA",2,"19306",61885,44075
"Washington State University","WA",1,"14853",68905,27176
"University of Washington-Seattle Campus","WA",1,"12375",78466,30282
"Wenatchee Valley College","WA",1,"7046",41127,20346
"Western Washington University","WA",1,"13500",62569,28305
"Whatcom Community College","WA",1,"8000",44092,18173
"Whitman College","WA",2,"12000",67589,75042
"Whitworth University","WA",2,"18000",58561,65711
"Yakima Valley College","WA",1,"8834",43499,19374
"Appalachian Bible College","WV",2,"6767",37467,29451
"Bethany College","WV",2,"23750",44512,49137
"Bluefield State University","WV",1,"12038",38217,20747
"University of Charleston","WV",2,"12666",55774,44031
"Concord University","WV",1,"11250",42703,18969
"Davis & Elkins College","WV",2,"17057",43411,44322
"Fairmont State University","WV",1,"12500",46857,18091
"Glenville State University","WV",1,"11123",39315,22974
"Huntington Junior College","WV",2,"17321",21783,16788
"Marshall University","WV",1,"16750",46354,21299
"West Virginia University at Parkersburg","WV",1,"8250",35171,10643
"Potomac State College of West Virginia University","WV",1,"15500",55939,15593
"Salem University","WV",3,"7405",34642,21792
"Shepherd University","WV",1,"14297",49358,19863
"Southern West Virginia Community and Technical College","WV",1,"5750",32153,15702
"West Virginia State University","WV",1,"15250",40492,19906
"West Liberty University","WV",1,"16000",43296,23526
"West Virginia University Institute of Technology","WV",1,"15500",55939,18343
"West Virginia Wesleyan College","WV",2,"15750",51593,47374
"West Virginia Junior College-Charleston","WV",3,"7195",27472,22745
"West Virginia Junior College-Morgantown","WV",3,"8178",31912,24486
"West Virginia Northern Community College","WV",1,"6000",30162,11196
"West Virginia University","WV",1,"15500",55939,23678
"Wheeling University","WV",2,"15375",57949,41265
"Alverno College","WI",2,"22000",53145,44163
"Madison Area Technical College","WI",1,"8728",45413,17215
"Bellin College","WI",2,"15000",76222,32000
"Beloit College","WI",2,"22773",53260,68653
"Blackhawk Technical College","WI",1,"5250",41620,15114
"Carroll University","WI",2,"22000",58009,49935
"Carthage College","WI",2,"19500",56950,47980
"Concordia University-Wisconsin","WI",2,"19500",56075,51718
"Edgewood College","WI",2,"19000",59728,48450
"Fox Valley Technical College","WI",1,"5834",45684,15647
"Gateway Technical College","WI",1,"8000",40264,14604
"Lakeland University","WI",2,"19500",55961,45751
"Lakeshore Technical College","WI",1,"5250",47113,14163
"Lawrence University","WI",2,"19500",55789,67824
"Maranatha Baptist University","WI",2,"12375",45593,33496
"Marian University","WI",2,"17340",53501,40733
"Marquette University","WI",2,"20500",78257,63233
"Mid-State Technical College","WI",1,"5112",42253,15448
"Milwaukee Area Technical College","WI",1,"9248",41113,17209
"Milwaukee Institute of Art & Design","WI",2,"15750",41174,52646
"Milwaukee School of Engineering","WI",2,"24500",89070,60439
"Moraine Park Technical College","WI",1,"5500",44371,14095
"Mount Mary University","WI",2,"19000",48745,47328
"Nicolet Area Technical College","WI",1,"3500",38643,14084
"Northcentral Technical College","WI",1,"5250",44925,15897
"Northeast Wisconsin Technical College","WI",1,"8887",44553,15603
"Northland College","WI",2,"15500",44560,54375
"Ripon College","WI",2,"19500",54902,61495
"Saint Norbert College","WI",2,"21500",58363,56194
"Southwest Wisconsin Technical College","WI",1,"5500",43470,15282
"Viterbo University","WI",2,"19500",55660,44123
"Chippewa Valley Technical College","WI",1,"8000",46297,16283
"Waukesha County Technical College","WI",1,"9500",46894,14281
"Western Technical College","WI",1,"6917",45303,15548
"University of Wisconsin-Whitewater","WI",1,"16241",55356,18661
"Northwood Technical College","WI",1,"5500",43406,14116
"University of Wisconsin-Eau Claire","WI",1,"13000",58561,21014
"University of Wisconsin-Green Bay","WI",1,"11250",52528,18161
"University of Wisconsin-La Crosse","WI",1,"18000",60378,18115
"Wisconsin Lutheran College","WI",2,"19500",54664,47026
"University of Wisconsin-Oshkosh","WI",1,"12500",55548,19063
"University of Wisconsin-Parkside","WI",1,"14000",51129,16768
"Herzing University-Madison","WI",2,"11756",36909,26687
"University of Wisconsin-Stout","WI",1,"16000",58084,21618
"University of Wisconsin-Superior","WI",1,"14055",49606,18415
"University of Wisconsin-Madison","WI",1,"18058",73792,27770
"University of Wisconsin-Milwaukee","WI",1,"15250",54990,22174
"University of Wisconsin-Platteville","WI",1,"15000",61760,20049
"University of Wisconsin-River Falls","WI",1,"14865",54458,19576
"University of Wisconsin-Stevens Point","WI",1,"14674",52021,18804
"Casper College","WY",1,"6500",40935,13593
"Central Wyoming College","WY",1,"5500",34402,17894
"Eastern Wyoming College","WY",1,"4500",37121,14943
"Laramie County Community College","WY",1,"7015",44783,12722
"Northwest College","WY",1,"6500",36950,15710
"Northern Wyoming Community College District","WY",1,"5500",40477,15914
"Western Wyoming Community College","WY",1,"4500",40939,15333
"University of Wyoming","WY",1,"12000",56880,22371
"American Samoa Community College","AS",1,"PS",30087,10560
"Guam Community College","GU",1,"PS",27820,10615
"University of Guam","GU",1,"12500",35946,15155
"Northern Marianas College","MP",1,"PS",27836,9939
"American Educational College","PR",3,"PS",17172,10472
"Universidad Adventista de las Antillas","PR",2,"11725",28465,14855
"Atlantic University","PR",2,"4500",25272,12363
"Universidad Central de Bayamon","PR",2,"7250",25021,11164
"Columbia Central University-Caguas","PR",3,"5001",23134,12377
"Albizu University-San Juan","PR",2,"5000",41544,19676
"Caribbean University-Bayamon","PR",2,"7000",22842,9748
"Caribbean University-Carolina","PR",2,"7000",22842,10784
"Pontifical Catholic University of Puerto Rico-Arecibo","PR",2,"11337",24908,16058
"Pontifical Catholic University of Puerto Rico-Ponce","PR",2,"11337",24908,17106
"CEM College-San Juan","PR",3,"3700",21033,18668
"Universidad Teologica del Caribe","PR",2,"5750",23536,14285
"Colegio Universitario de San Juan","PR",1,"PS",26510,6362
"Universidad Ana G. Mendez-Cupey Campus","PR",2,"10006",24490,14154
"Puerto Rico Conservatory of Music","PR",1,"8750",19474,7920
"EDP University of Puerto Rico Inc-San Sebastian","PR",2,"10500",22844,13701
"Escuela de Artes Plasticas y Diseno de Puerto Rico","PR",1,"PS",21790,8277
"Instituto Tecnologico de Puerto Rico-Recinto de Manati","PR",1,"PS",26293,5684
"Huertas College","PR",3,"6625",22927,14265
"Humacao Community College","PR",2,"PS",20064,9849
"ICPR Junior College-Arecibo","PR",3,"PS",18694,13056
"ICPR Junior College-Mayaguez","PR",3,"PS",18694,13419
"Instituto Tecnologico de Puerto Rico-Recinto de Guayama","PR",1,"PS",26293,9568
"Instituto Tecnologico de Puerto Rico-Recinto de San Juan","PR",1,"PS",26293,4274
"Inter American University of Puerto Rico-San German","PR",2,"7000",25416,15442
"Inter American University of Puerto Rico-Aguadilla","PR",2,"5500",24776,14449
"Inter American University of Puerto Rico-Arecibo","PR",2,"6750",24539,14628
"Inter American University of Puerto Rico-Barranquitas","PR",2,"3500",23204,14358
"Inter American University of Puerto Rico-Metro","PR",2,"8666",30821,15252
"Inter American University of Puerto Rico-Ponce","PR",2,"4850",26721,14845
"Inter American University of Puerto Rico-Fajardo","PR",2,"5500",23132,14991
"Inter American University of Puerto Rico-Guayama","PR",2,"6775",25827,15791
"Inter American University of Puerto Rico-Bayamon","PR",2,"5500",29936,14935
"Liceo de Arte y Tecnologia","PR",3,"3599",26733,23374
"NUC University","PR",3,"9500",24785,13778
"University of Puerto Rico-Aguadilla","PR",1,"5500",27997,14727
"University of Puerto Rico-Arecibo","PR",1,"4500",30512,18320
"University of Puerto Rico-Bayamon","PR",1,"5500",34409,12527
"University of Puerto Rico-Carolina","PR",1,"4500",30626,21072
"University of Puerto Rico at Cayey","PR",1,"5000",30958,15746
"University of Puerto Rico-Humacao","PR",1,"5500",29521,19404
"University of Puerto Rico-Utuado","PR",1,"3500",23906,18868
"University of Puerto Rico-Mayaguez","PR",1,"8000",48992,19190
"University of Puerto Rico at Ponce","PR",1,"5500",31394,14399
"University of Puerto Rico-Rio Piedras","PR",1,"5500",35723,13337
"Universidad Ana G. Mendez-Carolina Campus","PR",2,"10000",24328,13837
"Universidad del Sagrado Corazon","PR",2,"11250",31754,19550
"Universidad Central Del Caribe","PR",2,"7050",31468,14697
"Universidad Politecnica de Puerto Rico","PR",2,"12830",47540,21894
"Pontifical Catholic University of Puerto Rico-Mayaguez","PR",2,"11337",24908,15334
"Universidad Ana G. Mendez-Gurabo Campus","PR",2,"9000",26223,14081
"College of Micronesia-FSM","FM",1,"PS",24651,10519
"Palau Community College","PW",1,"PS",29898,9408
"University of the Virgin Islands","VI",1,"9500",38681,16582
"Stanford University","CA",2,"9851",124080,82162
"Purdue University-Main Campus","IN",1,"15000",72424,22567
"Parker University","TX",2,"9500",42091,35819
"EDP University of Puerto Rico Inc-San Juan","PR",2,"10500",22844,12983
"ICPR Junior College","PR",3,"PS",18694,13170
"Georgia State University-Perimeter College","GA",1,"11750",47384,16117
"Georgia Piedmont Technical College","GA",1,"9500",34619,15977
"Warren County Community College","NJ",1,"6499",43359,10510
"St. John's College","NM",2,"13500",44985,53018
"Mid-America Christian University","OK",2,"15444",46116,30612
"Palo Alto College","TX",1,"6779",37448,10911
"Athens Technical College","GA",1,"PS",35951,13425
"Beckfield College-Florence","KY",3,"13722",37114,32665
"Dorsey College-Wayne","MI",3,"9500",29392,31514
"Sussex County Community College","NJ",1,"6000",44664,14375
"Landmark College","VT",2,"8875",29813,81895
"Collin County Community College District","TX",1,"4500",48701,14409
"Owensboro Community and Technical College","KY",1,"5500",35798,12483
"ECPI University","VA",3,"13915",42837,27999
"Fortis Institute-Forty Fort","PA",3,"8063",30224,25358
"Laurel Business Institute","PA",3,"9500",30819,15304
"Aviation Institute of Maintenance-Philadelphia","PA",3,"21875",42785,27501
"Dorsey College-Roseville","MI",3,"9500",29392,30912
"Southern Union State Community College","AL",1,"6250",36597,15417
"South University-Columbia","SC",3,"13000",34421,31298
"Lac Courte Oreilles Ojibwe University","WI",1,"PS",24302,16228
"Platt College-Los Angeles","CA",3,"15215",40669,33216
"Platt College-Aurora","CO",3,"33443",77602,44255
"Northwestern College","IL",3,"9569",37871,30552
"St Charles Community College","MO",1,"4832",42422,13249
"University of Massachusetts Global","CA",1,"18750",65703,33365
"New College of Florida","FL",1,"12000",48082,20732
"Luna Community College","NM",1,"3855",32461,11547
"Yeshivah Gedolah Rabbinical College","FL",2,"PS",30667,18200
"Caribbean University-Ponce","PR",2,"7000",22842,10042
"Caribbean University-Vega Baja","PR",2,"7000",22842,9920
"University of Advancing Technology","AZ",3,"12000",50719,31353
"Paradise Valley Community College","AZ",1,"4500",47196,19032
"Chandler-Gilbert Community College","AZ",1,"4500",51111,17377
"Pennsylvania College of Technology","PA",1,"15250",52567,32595
"Commonwealth Institute of Funeral Service","TX",2,"7125",37786,43890
"Stone Child College","MT",1,"PS",24555,13607
"Suffolk County Community College","NY",1,"5500",49907,11626
"Las Positas College","CA",1,"5639",51088,14810
"Ogeechee Technical College","GA",1,"7328",31248,15527
"Remington College-Mobile Campus","AL",2,"9500",31349,32615
"Southern Technical College","FL",3,"9897",36155,27949
"California State University-San Marcos","CA",1,"13500",62908,21144
"Interactive College of Technology-Newport","KY",3,"8661",27065,20798
"Interactive College of Technology","TX",3,"5300",27182,18840
"NorthWest Arkansas Community College","AR",1,"5500",43505,10593
"Hodges University","FL",2,"17600",37052,28157
"Nossi College of Art and Design","TN",3,"17708",35113,26846
"Southeastern Technical College","GA",1,"5027",30329,15292
"Worsham College of Mortuary Science","IL",3,"12000",61574,30150
"Bryan University","MO",3,"16999",28725,26177
"IBMC College","CO",3,"7048",34432,26326
"Fortis College-Smyrna","GA",3,"9500",36368,31214
"Yeshiva Gedolah Imrei Yosef D'spinka","NY",2,"PS",36545,18269
"Remington College-Cleveland Campus","OH",2,"9500",31349,27834
"CEM College-Humacao","PR",3,"3700",21033,18485
"Remington College-Fort Worth Campus","TX",2,"9500",31349,31426
"Centura College-Newport News","VA",3,"10054",25930,31875
"Centura College-Norfolk","VA",3,"10054",25930,32531
"Northwest College of Art & Design","WA",3,"29030",31167,30217
"University of Washington-Bothell Campus","WA",1,"12375",78466,24462
"University of Washington-Tacoma Campus","WA",1,"12375",78466,24528
"Pacific College of Health and Science","CA",3,"9500",26209,41495
"Bay Mills Community College","MI",1,"PS",30048,11801
"Fond du Lac Tribal and Community College","MN",1,"9500",45665,18557
"Northwest Indian College","WA",1,"PS",35447,14696
"Provo College","UT",3,"24262",39645,34045
"Southwest College for the Deaf","TX",1,"6250",38382,14687
"Fortis College-Richmond","VA",3,"9396",32754,26643
"Hawaii Community College","HI",1,"6101",34891,15161
"Eastern New Mexico University Ruidoso Branch Community College","NM",1,"11000",38550,11194
"Beacon College","FL",2,"18500",29420,68815
"Estrella Mountain Community College","AZ",1,"4670",44356,17366
"Heartland Community College","IL",1,"5500",40768,15314
"University of the Potomac-Washington DC Campus","DC",3,"7500",34961,21791
"Fortis Institute-Scranton","PA",3,"8063",30224,31149
"Everglades University","FL",2,"18950",47597,36311
"Seminar L'moros Bais Yaakov","NY",2,"PS",24366,23916
"Herzing University-Orlando","FL",2,"11756",36909,26011
"College of Biblical Studies-Houston","TX",2,"14750",39260,20532
"Copper Mountain Community College","CA",1,"9250",33281,16105
"Santiago Canyon College","CA",1,"4500",44956,12617
"Southern California Institute of Technology","CA",3,"10651",53598,33835
"Soka University of America","CA",2,"15250",55017,52758
"Frontier Community College","IL",1,"5500",37533,16961
"Lincoln Trail College","IL",1,"5500",37533,17091
"Wabash Valley College","IL",1,"5500",37533,16639
"Schiller International University","FL",3,"23224",35529,24840
"Coconino Community College","AZ",1,"5500",40420,18426
"Carroll Community College","MD",1,"7769",44349,8611
"Galen College of Nursing-Tampa Bay","FL",3,"16500",61480,35084
"Galen College of Nursing-San Antonio","TX",3,"16500",61480,34745
"Florida National University-Main Campus","FL",3,"16492",33928,33531
"South Texas College","TX",1,"PS",36788,7505
"California State University-Monterey Bay","CA",1,"11000",59247,26017
"Remington College-Memphis Campus","TN",2,"9500",31349,31495
"Capella University","MN",3,"8814",42189,22029
"College of Menominee Nation","WI",2,"PS",25853,16327
"Mech-Tech College","PR",3,"3008",24967,17377
"Pacific College of Health and Science","NY",3,"9500",26209,47478
"Trine University-Regional/Non-Traditional Campuses","IN",2,"18500",57165,21976
"Pennsylvania Highlands Community College","PA",1,"6211",38752,12623
"City College-Altamonte Springs","FL",3,"11147",35994,36105
"Southeast Missouri Hospital College of Nursing and Health Sciences","MO",2,"9860",60918,27592
"Messenger College","TX",2,"27000",29463,26199
"Veeb Nassau County School of Practical Nursing","NY",1,"9500",62185,46071
"New York College of Health Professions","NY",2,"17644",31601,46556
"Northern Career Institute","OH",1,"9500",49073,21888
"Automeca Technical College-Aguadilla","PR",3,"3000",24632,12023
"United Technical Center","WV",1,"PS",49130,11600
"Central California School of Continuing Education","CA",3,"5150",41223,21990
"Jna Institute of Culinary Arts","PA",3,"8208",32286,20438
"Automeca Technical College-Bayamon","PR",3,"3000",24632,12172
"Automeca Technical College-Caguas","PR",3,"3000",24632,12588
"Automeca Technical College-Ponce","PR",3,"3000",24632,12026
"Centura College-Chesapeake","VA",3,"10054",25930,32162
"Northwest Vista College","TX",1,"5500",42490,10864
"Oconee Fall Line Technical College","GA",1,"4688",30899,12105
"York County Community College","ME",1,"5500",44873,14164
"Arkansas State University-Mountain Home","AR",1,"8685",34238,15406
"Columbia Gorge Community College","OR",1,"8778",44440,18278
"Arizona College of Nursing-Tempe","AZ",3,"9500",34657,35067
"New York Conservatory for Dramatic Arts","NY",3,"12000",26921,55473
"Eastern International College-Jersey City","NJ",3,"18499",35008,29693
"Mildred Elley-Pittsfield Campus","MA",3,"12000",38830,29993
"Embry-Riddle Aeronautical University-Worldwide","FL",2,"14250",84131,24015
"Aviation Institute of Maintenance-Norfolk","VA",3,"19500",44173,26469
"Centura College-Richmond Main","VA",3,"10054",25930,30499
"Southeastern College-West Palm Beach","FL",3,"12039",41200,42393
"Klamath Community College","OR",1,"9500",34357,15769
"Strayer University-Maryland","MD",3,"14000",40092,23838
"Cayuga Onondaga BOCES-Practical Nursing Program","NY",1,"7104",45439,38099
"Colegio de Cinematografia Artes y Television","PR",3,"PS",25707,8654
"UPMC Mercy School of Nursing","PA",2,"12000",68337,34135
"Platt College-Ontario","CA",3,"15215",40669,32366
"Delaware College of Art and Design","DE",2,"12000",35036,47250
"Western Governors University","UT",2,"8318",60615,14464
"California Aeronautical University","CA",3,"13354",38361,44854
"Herzing University-New Orleans","LA",2,"11756",36909,26702
"Florida Gulf Coast University","FL",1,"11999",54560,18269
"South Louisiana Community College","LA",1,"7250",31432,15723
"Myotherapy Institute","NE",3,"10712",27531,33766
"Ilisagvik College","AK",1,"PS",39541,9740
"Community College of Baltimore County","MD",1,"8251",43729,13178
"White Earth Tribal and Community College","MN",2,"PS",18044,19169
"Dewey University-Carolina","PR",2,"5000",19761,10826
"River Parishes Community College","LA",1,"7329",37848,15274
"International Baptist College and Seminary","AZ",2,"PS",39556,26104
"University of Connecticut-Waterbury Campus","CT",1,"18610",73997,20917
"University of Connecticut-Avery Point","CT",1,"18610",73997,21603
"University of Connecticut-Stamford","CT",1,"18610",73997,27737
"Baton Rouge Community College","LA",1,"7000",34581,16303
"Professional Golfers Career College","CA",3,"8000",46079,33010
"American InterContinental University-Atlanta","GA",3,"9500",36144,22756
"Eastern West Virginia Community and Technical College","WV",1,"5500",31636,15256
"Aviation Institute of Maintenance-Indianapolis","IN",3,"12663",42759,34729
"Cascadia College","WA",1,"5215",54133,20058
"MDT College of Health Sciences","IL",3,"14250",43946,34271
"The King's University","TX",2,"14250",41471,25128
"Fortis College-Baton Rouge","LA",3,"9500",32886,30272
"Fortis College-Orange Park","FL",3,"9500",28506,29665
"Pacific Islands University","GU",2,"PS",20902,12823
"Rosedale Bible College","OH",2,"4142",35558,19718
"Acupuncture and Massage College","FL",3,"7600",21937,38168
"Aviation Institute of Maintenance-Atlanta","GA",3,"20500",48191,29553
"Remington College-Baton Rouge Campus","LA",2,"9500",31349,28609
"Arkansas State University-Newport","AR",1,"5750",41524,15127
"Atenas University","PR",2,"6600",20231,15338
"Interactive College of Technology","TX",3,"5300",27182,19096
"Pillar College","NJ",2,"17817",45577,33662
"Oregon State University-Cascades Campus","OR",1,"15000",64010,27461
"Smith Chason College","CA",3,"16640",58004,37295
"Texas County Technical College","MO",3,"10026",40843,29729
"Aviation Institute of Maintenance-Kansas City","MO",3,"14805",40743,33008
"Yeshiva Shaarei Torah of Rockland","NY",2,"PS",89548,24095
"American Institute of Alternative Medicine","OH",3,"9500",40805,35639
"Universidad Pentecostal Mizpa","PR",2,"PS",21410,12652
"Caribbean Forensic and Technical College","PR",3,"PS",20691,10996
"Lamar Institute of Technology","TX",1,"8287",38991,14139
"Aviation Institute of Maintenance-Dallas","TX",3,"19500",42375,29979
"Nevada State University","NV",1,"12547",53166,23035
"California State University-Channel Islands","CA",1,"12500",62152,24039
"Franklin W Olin College of Engineering","MA",2,"14287",129455,81486
"Saint Joseph's University - Lancaster","PA",2,"13352",69731,41566
"West Virginia Junior College-Bridgeport","WV",3,"7195",27472,23091
"Interactive College of Technology-Gainesville","GA",3,"8661",27065,19418
"Alaska Christian College","AK",2,"6233",25787,22858
"University of Arkansas Grantham","AR",1,"8491",63496,14752
"Tohono O'odham Community College","AZ",1,"PS",39229,8282
"Faith International University","WA",2,"12500",51006,20793
"Southeastern College-Charleston","SC",3,"9500",30737,41936
"West Coast University-Los Angeles","CA",3,"24145",102672,58637
"Williamson Christian College","TN",2,"PS",37474,28954
"Triangle Tech Inc-Sunbury","PA",3,"12000",45538,27092
"DigiPen Institute of Technology","WA",3,"21163",79878,51366
"Pierpont Community and Technical College","WV",1,"8618",35132,13434
"Dewey University-Hato Rey","PR",2,"5000",19761,11591
"Interactive College of Technology","TX",3,"5300",27182,20950
"Strayer University-Tennessee","TN",3,"14000",40092,23838
"Strayer University-Pennsylvania","PA",3,"14000",40092,23838
"Folsom Lake College","CA",1,"9255",42568,12233
"Baptist University of the Americas","TX",2,"PS",37709,15001
"Culinary Institute Inc","TX",3,"12167",32195,30580
"Escuela Hotelera de San Juan","PR",3,"3500",20854,22831
"Industrial Technical College","PR",3,"PS",17162,9850
"Southeastern College-Columbia","SC",3,"7811",31156,43798
"Mountwest Community and Technical College","WV",1,"5136",28951,15977
"American InterContinental University System","AZ",3,"9500",36144,20949
"American InterContinental University-Houston","TX",3,"9500",36144,25557
"University of California-Merced","CA",1,"12750",64368,37098
"Remington College-North Houston Campus","TX",2,"9500",31349,31141
"Remington College-Nashville Campus","TN",2,"9500",31349,33320
"Central Methodist University-College of Graduate and Extended Studies","MO",2,"13292",48991,20195
"Johnson & Wales University-Charlotte","NC",2,"16334",43418,55989
"Fortis Institute-Port Saint Lucie","FL",3,"9500",32886,31606
"Aviation Institute of Maintenance-Manassas","VA",3,"19500",46441,29124
"Ave Maria University","FL",2,"12000",49520,43220
"Cambridge College of Healthcare & Technology","FL",3,"14656",28190,24010
"ATA Career Education","FL",3,"15834",34577,30619
"Community Christian College","AZ",2,"3668",39217,26533
"Ecclesia College","AR",2,"9000",40650,31344
"Estelle Medical Academy","IL",3,"5657",24290,12300
"John D Rockefeller IV Career Center","WV",1,"9500",43264,23917
"Los Angeles College of Music","CA",3,"17521",31758,50873
"Rosslyn Training Academy of Cosmetology","PR",3,"PS",11998,8267
"SAE Institute of Technology-Nashville","TN",3,"9245",39544,25834
"Universal College of Healing Arts","NE",3,"10303",28865,24310
"Uta Mesivta of Kiryas Joel","NY",2,"PS",31853,21452
"Harrisburg University of Science and Technology","PA",2,"11848",52374,33434
"Blue Ridge Community and Technical College","WV",1,"8000",39293,10779
"United States University","CA",3,"13598",80980,28358
"Joyce University of Nursing and Health Sciences","UT",3,"10470",49841,33321
"New River Community and Technical College","WV",1,"5177",29073,11656
"Georgia Gwinnett College","GA",1,"9000",47730,18033
"Aviator College of Aeronautical Science and Technology","FL",3,"12000",67739,43615
"ATA College","KY",3,"15834",34577,31263
"SUM Bible College and Theological Seminary","CA",2,"13815",35418,24340
"Lemoore College","CA",1,"7480",40292,18119
"Stautzenberger College-Brecksville","OH",3,"13127",34104,24972
"Rasmussen University-Illinois","IL",3,"13000",39080,24447
"Triangle Tech Inc-Bethlehem","PA",3,"12000",53788,28272
"Strayer University-Florida","FL",3,"14000",40092,23838
"CBT Technology Institute-Main Campus","FL",3,"8500",29534,24586
"CBT Technology Institute-Hialeah","FL",3,"8500",29534,18000
"Dewey University-Juana Diaz","PR",2,"5000",19761,11190
"American Public University System","WV",3,"10282",44409,16358
"Gnomon","CA",3,"28332",114785,48010
"Taylor College","FL",3,"19000",60311,30562
"Louisiana Culinary Institute","LA",3,"15250",40359,35243
"Dayton School of Medical Massage","OH",3,"9500",31071,33863
"ATA College","OK",3,"15069",40823,26577
"Visible Music College","TN",2,"9500",35933,31386
"South University-Tampa","FL",3,"13000",34421,33016
"Fortis College-Columbus","OH",3,"9500",36368,33806
"Fortis College-Cincinnati","OH",3,"9500",36368,30689
"Strayer University-Alabama","AL",3,"14000",40092,23838
"Rasmussen University-Wisconsin","WI",3,"13000",39080,24230
"Columbia Southern University","AL",3,"13980",63534,18002
"Southeastern College-Charlotte","NC",3,"9500",31548,42015
"Yeshivas Be'er Yitzchok","NJ",2,"PS",82560,32040
"Yeshiva Toras Chaim","NJ",2,"PS",62526,21574
"Talmudical Seminary of Bobov","NY",2,"PS",22432,18400
"Southwest University at El Paso","TX",3,"14000",29648,23946
"Bryant & Stratton College-Wauwatosa","WI",2,"9500",32568,25392
"Remington College-Houston Southeast Campus","TX",2,"9500",31349,26324
"Remington College-Shreveport Campus","LA",2,"9500",31349,37056
"Escuela De Troqueleria Y Herramentaje","PR",1,"PS",26293,8450
"Fortis Institute-Nashville","TN",3,"9500",32886,36210
"ATA College-Cincinnati","OH",3,"15834",34577,29073
"Galen College of Nursing-Cincinnati","OH",3,"16500",61480,33343
"Chamberlain University-Illinois","IL",3,"16458",92405,36346
"Chamberlain University-Ohio","OH",3,"16458",92405,38833
"Chamberlain University-Arizona","AZ",3,"16458",92405,39034
"Cambridge College of Healthcare & Technology","FL",3,"11125",47792,22460
"Fortis Institute-Pensacola","FL",3,"9122",26652,29865
"Woodland Community College","CA",1,"PS",40042,11798
"Fortis Institute-Birmingham","AL",3,"9500",32886,29880
"Providence Christian College","CA",2,"14500",46264,51852
"South Texas Training Center","TX",3,"3500",29384,14726
"Fortis College-Salt Lake City","UT",3,"11501",34509,32149
"Polytechnic University of Puerto Rico-Orlando","FL",2,"12830",47540,21955
"Strayer University-West Virginia","WV",3,"14000",40092,23838
"University of Minnesota-Rochester","MN",1,"16727",69020,27237
"CBT Technology Institute-Cutler Bay","FL",3,"8500",29534,24772
"Chamberlain University-Florida","FL",3,"16458",92405,34657
"University of Fort Lauderdale","FL",2,"5500",38062,20726
"Aviation Institute of Maintenance-Orlando","FL",3,"24250",53341,28071
"Pacific Rim Christian University","HI",2,"13616",40523,24042
"City Vision University","MO",2,"PS",21123,12568
"Houston International College Cardiotech Ultrasound School","TX",3,"14750",36432,26053
"West Coast University-Orange County","CA",3,"24145",102672,38599
"West Coast University-Ontario","CA",3,"24145",102672,51950
"Fortis College-Indianapolis","IN",3,"12949",34726,34815
"Strayer University-Georgia","GA",3,"14000",40092,23838
"Strayer University-South Carolina","SC",3,"14000",40092,23838
"Strayer University-Texas","TX",3,"14000",40092,23838
"South University-Richmond","VA",3,"13000",34421,33875
"South University-Virginia Beach","VA",3,"13000",34421,33875
"Touro University Worldwide","CA",2,"14437",40803,27755
"Herzing University-Kenosha","WI",2,"11756",36909,23590
"Herzing University-Brookfield","WI",2,"11756",36909,25879
"Texas A&M University-San Antonio","TX",1,"12500",54338,21840
"Strayer University-Global Region","DC",3,"14000",40092,23838
"Fortis College-Columbia","SC",3,"9500",36368,34276
"Johnson & Wales University-Online","RI",2,"16334",43418,25365
"Moreno Valley College","CA",1,"6625",52133,12024
"Norco College","CA",1,"5500",51206,12749
"Dorsey College-Saginaw","MI",3,"9500",29392,31779
"ICPR Junior College","PR",3,"PS",18694,13751
"Hawaii Medical College","HI",3,"10500",38880,41381
"Mildred Elley-New York Campus","NY",3,"12000",38830,29933
"Crestpoint University","AZ",3,"13994",42269,19691
"Carolina College of Biblical Studies","NC",2,"17500",24581,24267
"New York Film Academy","CA",3,"10750",29633,62291
"Keweenaw Bay Ojibwa Community College","MI",1,"PS",22340,13229
"John Paul the Great Catholic University","CA",2,"21500",56930,47492
"University of Connecticut-Hartford Campus","CT",1,"18610",73997,25031
"Ottawa University-Surprise","AZ",2,"12500",55552,51400
"Chamberlain University-Missouri","MO",3,"16458",92405,41617
"Chamberlain University-Texas","TX",3,"16458",92405,39297
"Dewey University-Manati","PR",2,"5000",19761,11572
"South University-Savannah Online","GA",3,"13000",34421,31716
"Criswell College","TX",2,"11803",43185,26555
"Chamberlain University-Georgia","GA",3,"16458",92405,38137
"Chamberlain University-Indiana","IN",3,"16458",92405,41617
"Be'er Yaakov Talmudic Seminary","NY",2,"PS",17360,19351
"Colorado State University Global","CO",1,"14405",76813,18384
"West Coast University-Texas","TX",3,"24145",102672,33502
"Evangel University-James River Assembly of God Church","MO",2,"17495",46573,29251
"Pennsylvania State University-World Campus","PA",1,"19500",63435,27938
"South University-Austin","TX",3,"13000",34421,31666
"Bryant & Stratton College-Online","NY",2,"9500",32568,20558
"Platt College-Riverside","CA",3,"15215",40669,32321
"Florida Institute of Technology-Online","FL",2,"14049",43137,28715
"Rasmussen University-Kansas","KS",3,"13000",39080,24908
"South University-High Point","NC",3,"13000",34421,36215
"Augusta University","GA",1,"13015",48472,22146
"Middle Georgia State University","GA",1,"9500",40863,20189
"Aviation Institute of Maintenance-Las Vegas","NV",3,"20500",48191,31041
"DeVry College of New York","NY",3,"12805",45987,41672
"DeVry University-California","CA",3,"12805",45987,39643
"DeVry University-Georgia","GA",3,"12805",45987,39356
"DeVry University-Illinois","IL",3,"12805",45987,38020
"DeVry University-Virginia","VA",3,"12805",45987,33556
"University of North Georgia","GA",1,"9673",50135,18062
"South Georgia State College","GA",1,"7000",35697,16015
"Arizona College-Mesa","AZ",3,"9500",34657,32204
"Central Georgia Technical College","GA",1,"5500",30848,11885
"Louisiana Delta Community College","LA",1,"7618",30438,13941
"Dorsey College-Dearborn","MI",3,"9500",29392,29357
"University of Florida-Online","FL",1,"14000",71588,17036
"University of Phoenix-Arizona","AZ",3,"16690",37752,19449
"BridgeValley Community & Technical College","WV",1,"5256",36432,10892
"Georgia Military College","GA",1,"5500",39257,18298
"West Coast University-Miami","FL",3,"24145",102672,42172
"Coastal Pines Technical College","GA",1,"PS",30214,9670
"Kennesaw State University","GA",1,"14250",57552,24618
"Milligan University","TN",2,"18800",46641,49850
"Chamberlain University-Nevada","NV",3,"16458",92405,44446
"Chamberlain University-Michigan","MI",3,"16458",92405,27697
"Chamberlain University-New Jersey","NJ",3,"16458",92405,41740
"Emory University-Oxford College","GA",2,"16750",80137,78814
"Southern Regional Technical College","GA",1,"PS",31293,11478
"Fortis College-Cuyahoga Falls","OH",3,"11501",34509,32568
"Jones Technical Institute","FL",2,"6333",24576,26274
"Texas State Technical College","TX",1,"6334",38916,20011
"Arizona College of Nursing-Las Vegas","NV",3,"9500",34657,36044
"Husson University","ME",2,"21500",45025,34073
"Northwest University-Center for Online and Extended Education","WA",2,"15000",54914,30923
"Indiana Wesleyan University-National & Global","IN",2,"14335",59986,22117
"Chamberlain University-North Carolina","NC",3,"16458",92405,27697
"Purdue University Global","IN",1,"11648",36596,17994
"Carolina University","NC",2,"11005",32864,29965
"Purdue University Northwest","IN",1,"13031",48318,16287
"Platt College-Anaheim","CA",3,"15215",40669,31348
"Fortis College-Cutler Bay","FL",3,"12949",34726,33580
"Galen College of Nursing-ARH","KY",3,"16500",61480,34063
"EDP University of Puerto Rico-Villalba","PR",2,"10500",22844,14835
"Chamberlain University-Louisiana","LA",3,"16458",92405,41617
"Drury University-College of Continuing Professional Studies","MO",2,"13000",40694,19985
"Indiana Institute of Technology-College of Professional Studies","IN",2,"12564",47327,24563
"Arizona College of Nursing-Dallas","TX",3,"9500",34657,39211
"EDP University of Puerto Rico-Humacao","PR",2,"10500",22844,16543
"EDP University of Puerto Rico-Manati","PR",2,"10500",22844,14489
"Fortis Institute-Cookeville","TN",3,"11501",34509,31068
"West Virginia Junior College-United Career Institute","PA",3,"8178",31912,23121
"Aviation Institute of Maintenance-Charlotte","NC",3,"12663",42759,25130
"Fortis College-Landover","MD",3,"9100",36920,33666
"Stautzenberger College-Rockford Career College","IL",3,"13127",34104,25508
"Arizona College of Nursing-Tampa","FL",3,"9500",34657,36515
"Arizona College of Nursing-Fort Lauderdale","FL",3,"9500",34657,42272
"Arizona College of Nursing-Tucson","AZ",3,"9500",34657,32730
"Arizona College of Nursing-Phoenix","AZ",3,"9500",34657,38789
"Dorsey College-Woodhaven","MI",3,"9500",29392,31409
"Triangle Tech-Chambersburg","PA",3,"12000",51953,27701
"Provo College-Idaho Falls Campus","ID",3,"24262",39645,34871
"Eagle Gate College-Boise Campus","ID",3,"20000",37518,34345
"Herzing University-Tampa","FL",2,"11756",36909,26118
"Galen Health Institutes-Miami Campus","FL",3,"16500",61480,33847
"Remington College-Online Dallas","TX",2,"9500",31349,28936
"Abilene Christian University-Undergraduate Online","TX",2,"14750",55736,19042
"Galen Health Institutes-Austin Campus","TX",3,"16500",61480,31562
"Galen Health Institutes-Nashville Campus","TN",3,"16500",61480,31743
"Arizona College of Nursing-Salt Lake City","UT",3,"9500",34657,35805
"Arizona College-Glendale","AZ",3,"9500",34657,31871
"Aviation Institute of Maintenance-Chicago","IL",3,"24250",53341,30941
"Evangel University-College of Online Learning","MO",2,"17495",46573,20433
"Marian University-Ancilla","IN",2,"20000",58759,36245
"Arizona College of Nursing-Southfield","MI",3,"9500",34657,38951
"Galen Health Institutes-Sarasota","FL",3,"16500",61480,54064
"Galen Health Institutes-Gainesville","FL",3,"16500",61480,54524
"Galen Health Institutes-Richmond","VA",3,"16500",61480,47865
"Galen Health Institutes-Myrtle Beach","SC",3,"16500",61480,49542
"Galen Health Institutes-Asheville","NC",3,"16500",61480,79782
"Arizona College of Nursing-Falls Church","VA",3,"9500",34657,38123
"Arizona College of Nursing-Ontario","CA",3,"9500",34657,43703
"Galen Health Institutes-Pikeville","KY",3,"16500",61480,42163
"Commonwealth University of Pennsylvania","PA",1,"19500",52416,25781
"Pennsylvania Western University","PA",1,"16750",47295,27618
